name,address,distance,distance_type,rating,capaciity,area,price
The BaNoi House,cantho,3300,km,79,1,90,742500
Can Tho Home & Apartment,cantho,300,m,89,1,72,877500
Nhu's House 2,cantho,3400,km,97,1,35,526500
Nhu's house,cantho,500,km,98,1,150,2070000
Emerald Boutique Stay 2,cantho,700,km,82,1,30,500000
Cozrum Homes - Gloaming Homestay,cantho,6100,km,100,1,20,675675
Cato Homestay,cantho,8700,km,86,1,23,700000
Green Village Mekong,cantho,7100,km,94,1,55,921000
Magnolia's Can Tho,cantho,350,m,83,1,18,730000
Can Tho Home & Apartment,cantho,300,m,89,2,72,936000
Nhu's House 2,cantho,3400,km,97,2,35,585000
Cozrum Homes - Gloaming Homestay,cantho,6100,km,100,2,20,675675
CASA ECO Mekong Homestay,cantho,9000,km,76,2,25,1085000
Cato Homestay,cantho,8700,km,86,2,23,700000
Green Village Mekong,cantho,7100,km,94,2,55,1161000
Magnolia's Can Tho,cantho,350,m,83,2,18,730000
V??n Treo Villa,dalat,1800,km,100,1,150,3385800
M.A.P HOME,dalat,3000,km,55,1,56,2000000
?? L?t Villa 84 H? Xu?n H??ng,dalat,4700,km,91,1,400,3125500
Villa Trung Ngh?a 31,dalat,2500,km,10,1,500,4495500
Bliss House ?? L?t,dalat,3200,km,100,1,250,5100000
Nh? Rum R?n,dalat,1400,km,94,1,140,1296000
T?n Anh House,dalat,1300,km,80,1,300,1404000
Kh?ch s?n Ch?u Giang 2,dalat,300,m,100,1,100,4000000
NH? C?A G?U,dalat,1700,km,100,1,120,1008000
Golden Hills Villa ?? L?t,dalat,1400,km,60,1,280,1960000
T? Anh,dalat,1500,km,90,1,225,4500000
Nh? c?a Sun ?? L?t,dalat,1800,km,100,1,120,1800000
Aloha Homestay,dalat,1300,km,95,1,87,2700000
Passion Homestay,dalat,1900,km,76,1,40,439200
Jade's House,dalat,1500,km,93,1,250,3000000
V??n Lan Hotel Nguy?n C?n 130m2,dalat,2000,km,90,1,130,579600
GOm Homestay- Tranquility House,dalat,1800,km,97,1,100,1154250
Hoa S?n ?i?n Vi?n Homestay,dalat,10900,km,80,1,20,1610000
V??n Lan Homestay ?? L?t,dalat,2100,km,78,1,130,735300
MK Sweet House 1 - DaLat Center,dalat,300,m,86,1,101,2700000
Casa Villa - Dalat Valley View,dalat,1500,km,96,1,300,4275000
MK Sweet House 2 - DaLat Center,dalat,250,m,95,1,70,1800000
Homestay Odile,dalat,12200,km,10,1,300,4500000
Q HOME ?? L?t,dalat,1900,km,92,1,250,1100000
Homestay Bao Chau,dalat,1500,km,45,1,300,1494000
Anh ??o Villa ?? L?t,dalat,1100,km,80,1,160,1462500
Mingo homestay,dalat,2100,km,100,1,200,1350000
Villa SEVENBAY,dalat,2000,km,95,1,35,500000
Gifhouse,dalat,2200,km,100,1,100,1656000
Joy Villa,dalat,1700,km,82,1,18,1300000
Nh? An Cozy,dalat,1600,km,90,1,100,1674340
Alee DaLat Villa,dalat,1400,km,88,1,400,2400000
Chivo Homestay,dalat,1700,km,89,1,200,1008000
La Soul Homestay,dalat,1600,km,100,1,40,552500
Aura Apartment Da Lat,dalat,2300,km,77,1,99,1599000
Dalat 1A.M,dalat,1100,km,87,1,100,1193400
KP Villa Dalat,dalat,3100,km,97,1,400,2550000
Homestay nguy?n c?n 4 Ph?ng ng? - La Soul Home,dalat,1600,km,100,1,60,1539000
Duy Th?o 2 hotel,dalat,250,m,82,1,30,600000
May Studio,dalat,350,m,84,1,25,1053000
WoodenHouse,dalat,8300,km,100,1,20,630000
C? S? L?u Tr? Du L?ch Thanh Ng?c,dalat,1700,km,100,1,120,1200000
Lana Hometel ?? L?t,dalat,1300,km,92,1,25,360000
Delen House,dalat,1300,km,100,1,40,1200000
H?ng Nga Villa,dalat,2800,km,10,1,150,1000000
ECOTIME Villa - Homestay Da Lat,dalat,2800,km,88,1,30,720000
Tom?s House,dalat,800,km,80,1,25,440000
Home 1/31 Nh? Chung ?? L?t,dalat,800,km,94,1,160,1750000
Kh?ch S?n ?? L?t G?n Ch? ??m AP - Villa ?? L?t,dalat,700,km,100,1,25,959000
V??n Lan Hotel- Nguy?n c?n 130m2,dalat,2100,km,90,1,130,1101600
Home 1995 ?? L?t,dalat,500,km,88,1,80,1980000
Karry's House,dalat,1400,km,94,1,150,2142000
V??n Lan Hostel,dalat,2000,km,86,1,130,850500
Panorama Apartment,dalat,2300,km,91,1,52,990000
ADALY Hotel & Apartment Dalat,dalat,2300,km,87,1,50,1222222
M?c Lan House,dalat,2700,km,78,1,70,598500
Doc Tinh House,dalat,1300,km,100,1,300,1201200
BLUE FINGERs KROOM DALAT,dalat,900,km,83,1,20,700000
Trung Ngh?a Villa 21,dalat,2800,km,80,1,400,4499999
Homestay Nguy?n C?n 131m2- V??n Lan Homestay,dalat,2100,km,90,1,132,1102500
Golden Hills-Lotus House,dalat,1500,km,89,1,240,2850000
Hanoi Amsterdam Condotel,dalat,1600,km,80,1,33,1403000
TTR Studio Apart Hotel,dalat,1600,km,85,1,30,933333
BREW APARTMENT 6,dalat,2200,km,100,1,25,1980000
Koala House,dalat,2800,km,91,1,30,450000
Terracotta Villa Tuyen Lam Lake Dalat,dalat,5300,km,82,1,35,1606500
Hostel V??n Lan- Nguy?n C?n 130m2,dalat,2100,km,86,1,134,697500
Moc Thach Blue House DaLat,dalat,900,km,98,1,120,3325000
X? ??ng D??ng Apartment,dalat,2200,km,80,1,26,648000
Villa ?? L?t Khu Golden,dalat,1400,km,100,1,200,4879000
V??n Lan Homestay ?? L?t- Nguy?n c?n 132m2,dalat,2100,km,87,1,130,561000
ROY VILLA COFFEE,dalat,900,km,87,1,200,3328000
Green Meadow Hotel & Villa Dalat,dalat,1300,km,83,1,20,321750
Hoang Loc Villa,dalat,2100,km,94,1,100,2596500
River Park Hotel Dalat,dalat,300,m,79,1,40,1200000
Crazy House,dalat,1100,km,86,1,13,780000
TTR Central Apart Hotel,dalat,600,km,90,1,28,1629000
Pegamount Condotel Dalat,dalat,1400,km,95,1,50,1215000
Convoi Studio - Very nice Dalat wooden house,dalat,700,km,98,1,90,1215000
Kenny House,dalat,1700,km,99,1,70,2677860
V??n Lan Hotel Nguy?n C?n 130m2,dalat,2000,km,90,1,130,579600
GOLDEN HILL - ?? L?t,dalat,1400,km,100,1,210,971514
V??n Lan Homestay ?? L?t,dalat,2100,km,78,1,130,735300
May Studio,dalat,350,m,84,1,25,1053000
Lana Hometel ?? L?t,dalat,1300,km,92,1,25,360000
ECOTIME Villa - Homestay Da Lat,dalat,2800,km,88,1,30,720000
Hanoi Amsterdam Condotel,dalat,1600,km,80,1,33,1403000
Jolie House,dalat,2200,km,87,1,100,1161945
Dalat Terrasse Des Roses Villa,dalat,2900,km,84,1,80,1168410
Kh?ch S?n ?? L?t G?n Ch? ??m AP - Villa ?? L?t,dalat,700,km,100,1,25,959000
An Khu? Farmhouse,dalat,7800,km,79,1,20,500000
Golden Hills-Lotus House,dalat,1500,km,89,1,240,2850000
Lavie Villa,dalat,2200,km,78,1,50,682500
Crazy House,dalat,1100,km,86,1,13,780000
TTR Central Apart Hotel,dalat,600,km,90,1,28,1629000
GIA ??NH,dalat,900,km,80,1,79,750000
Jolie House,dalat,2200,km,87,1,100,1161945
GOLDEN HILL - ?? L?t,dalat,1400,km,100,1,210,971514
Kh?ch S?n ?? L?t View - Villa ?? L?t,dalat,150,m,83,1,17,939000
GIA ??NH,dalat,900,km,80,1,79,750000
Lavie Villa,dalat,2200,km,78,1,50,682500
Kh?ch S?n ?? L?t View - Villa ?? L?t,dalat,150,m,83,1,17,939000
ECOTIME Villa - Homestay Da Lat,dalat,2800,km,88,2,30,720000
Special Old French House-Mountain City View with Garden-Dreamer's home Da Lat,dalat,1000,km,50,2,100,1152000
T?n Anh House,dalat,1300,km,80,2,300,1404000
V??n Treo Villa,dalat,1800,km,100,2,150,3385800
?? L?t Villa 84 H? Xu?n H??ng,dalat,4700,km,91,2,400,3125500
Jade's House,dalat,1500,km,93,2,250,3000000
Nh? Rum R?n,dalat,1400,km,94,2,140,1296000
M.A.P HOME,dalat,3000,km,55,2,56,2000000
Hoa S?n ?i?n Vi?n Homestay,dalat,10900,km,80,2,20,1610000
Kh?ch S?n ?? L?t G?n Ch? ??m AP - Villa ?? L?t,dalat,700,km,100,2,25,959000
Nh? c?a Sun ?? L?t,dalat,1800,km,100,2,120,1800000
Kh?ch s?n Ch?u Giang 2,dalat,300,m,100,2,100,4000000
Aloha Homestay,dalat,1300,km,95,2,87,2700000
Nguy?n c?n 6 ph?ng ng? d?nh cho 6-16 kh?ch,dalat,1100,km,100,2,220,1338750
Thu Linh Homestay,dalat,1600,km,92,2,350,2500000
Homestay Bao Chau,dalat,1500,km,45,2,300,1494000
CT Home,dalat,600,km,90,2,150,1425000
Golden Hills Villa ?? L?t,dalat,1400,km,60,2,280,1960000
Anh ??o Villa ?? L?t,dalat,1100,km,80,2,160,1575000
T? Anh,dalat,1500,km,90,2,225,4500000
MK Sweet House 2 - DaLat Center,dalat,250,m,95,2,70,1800000
GOm Homestay- Tranquility House,dalat,1800,km,97,2,100,1154250
Chivo Homestay,dalat,1700,km,89,2,200,1008000
Dalat 1A.M,dalat,1100,km,87,2,100,1193400
Casa Villa - Dalat Valley View,dalat,1500,km,96,2,300,4275000
Homestay nguy?n c?n 4 Ph?ng ng? - La Soul Home,dalat,1600,km,100,2,60,1539000
Q HOME ?? L?t,dalat,1900,km,92,2,250,1100000
Nh? An Cozy,dalat,1600,km,90,2,100,1674340
Alee DaLat Villa,dalat,1400,km,88,2,400,2400000
Tom?s House,dalat,800,km,80,2,25,440000
Duy Th?o 2 hotel,dalat,250,m,82,2,30,600000
Gifhouse,dalat,2200,km,100,2,100,1656000
Mingo homestay,dalat,2100,km,100,2,200,1350000
Homestay Odile,dalat,12200,km,10,2,300,4500000
Joy Villa,dalat,1700,km,82,2,18,1300000
MK Sweet House 1 - DaLat Center,dalat,300,m,86,2,101,2700000
C? S? L?u Tr? Du L?ch Thanh Ng?c,dalat,1700,km,100,2,120,1200000
Home 1/31 Nh? Chung ?? L?t,dalat,800,km,94,2,160,1750000
H?ng Nga Villa,dalat,2800,km,10,2,150,1000000
Eudora Villa 3,dalat,2300,km,88,2,350,3672000
Crazy House,dalat,1100,km,86,2,13,780000
K coffee&home,dalat,900,km,84,2,14,270000
Home 1995 ?? L?t,dalat,500,km,88,2,80,1980000
Karry's House,dalat,1400,km,94,2,150,2142000
Golden Hills-Lotus House,dalat,1500,km,89,2,240,2850000
V??n Lan Hotel- Nguy?n c?n 130m2,dalat,2100,km,90,2,130,1134000
V??n Lan Hostel,dalat,2000,km,86,2,130,972000
BLUE FINGERs KROOM DALAT,dalat,900,km,83,2,20,700000
Doc Tinh House,dalat,1300,km,100,2,300,1570800
Panorama Apartment,dalat,2300,km,91,2,52,990000
X? ??ng D??ng Apartment,dalat,2200,km,80,2,26,720000
Homestay Nguy?n C?n 131m2- V??n Lan Homestay,dalat,2100,km,90,2,132,1260000
BREW APARTMENT 6,dalat,2200,km,100,2,25,1980000
Hostel V??n Lan- Nguy?n C?n 130m2,dalat,2100,km,86,2,134,775000
Trung Ngh?a Villa 21,dalat,2800,km,80,2,400,4499999
Koala House,dalat,2800,km,91,2,30,450000
TTR Studio Apart Hotel,dalat,1600,km,85,2,30,933333
Hanoi Amsterdam Condotel,dalat,1600,km,80,2,33,1403000
May Home,dalat,350,m,85,2,30,804000
Terracotta Villa Tuyen Lam Lake Dalat,dalat,5300,km,82,2,35,1606500
Moc Thach Blue House DaLat,dalat,900,km,98,2,120,3325000
Villa ?? L?t Khu Golden,dalat,1400,km,100,2,200,4879000
B?p's House ?? L?t,dalat,2200,km,80,2,250,1500000
V??n Lan Homestay ?? L?t- Nguy?n c?n 132m2,dalat,2100,km,87,2,130,816000
V??n Lan Hotel Nguy?n C?n 130m2,dalat,2000,km,90,2,130,630000
Convoi Studio - Very nice Dalat wooden house,dalat,700,km,98,2,90,1296000
Pegamount Condotel Dalat,dalat,1400,km,95,2,50,1215000
V??n Lan Homestay ?? L?t,dalat,2100,km,78,2,130,769500
Lana Hometel ?? L?t,dalat,1300,km,92,2,25,360000
Villa SEVENBAY,dalat,2000,km,95,2,35,500000
Kenny House,dalat,1700,km,99,2,70,2708640
Hoang Loc Villa,dalat,2100,km,94,2,100,2641500
May Studio,dalat,350,m,84,2,25,1053000
ROY VILLA COFFEE,dalat,900,km,87,2,200,3328000
ECOTIME Villa - Homestay Da Lat,dalat,2800,km,88,2,30,720000
Jolie House,dalat,2200,km,87,2,100,1161945
Dalat Terrasse Des Roses Villa,dalat,2900,km,84,2,80,1168410
TTR Central Apart Hotel,dalat,600,km,90,2,28,1674000
GIA ??NH,dalat,900,km,80,2,79,750000
GOLDEN HILL - ?? L?t,dalat,1400,km,100,2,210,971514
Golden Hills-Lotus House,dalat,1500,km,89,2,240,2850000
Crazy House,dalat,1100,km,86,2,13,780000
Jolie House,dalat,2200,km,87,2,100,1161945
An Khu? Farmhouse,dalat,7800,km,79,2,20,500000
Lavie Villa,dalat,2200,km,78,2,50,682500
GIA ??NH,dalat,900,km,80,2,79,750000
GOLDEN HILL - ?? L?t,dalat,1400,km,100,2,210,971514
Kh?ch S?n ?? L?t View - Villa ?? L?t,dalat,150,m,83,2,17,939000
Lavie Villa,dalat,2200,km,78,2,50,682500
Two-Bedrooms - POOL SEA VIEW - 6A - BLUE SEA APARTMENT,danang,2500,km,100,1,71,1000000
111 Boutique Apartment,danang,3000,km,97,1,35,400000
Sunshine Apartment in 5* resort,danang,12400,km,50,1,54,1520352
White Villar ?a? N??ng,danang,3400,km,79,1,70,2400000
Louis Mo Apartment,danang,3300,km,92,1,75,3420000
Luxury Ocean Villa 3 bedrooms close to the Beach,danang,10000,km,68,1,300,7000000
Casa de Tan 2 - Bi?t th? sang tr?ng t?i ?? N?ng,danang,1000,km,85,1,270,5130000
Two Bedrooms Apartment with Sea View,danang,9600,km,90,1,90,2500000
Ocean Apartment,danang,12400,km,65,1,72,1575773
One Bedroom Apartment with Sea View,danang,9000,km,90,1,60,1600000
TONY ESTATES Danang Beach Luxury Apartments,danang,2300,km,95,1,65,645697
OCEAN VIEW HOME FOURPOINT BUILDING DA NANG Beach,danang,3000,km,83,1,100,2565000
Siro homestay,danang,3500,km,100,1,70,270000
M?a's house TL-private swimming pool,danang,3000,km,90,1,130,3800000
Carol Homestay & Apartment Da Nang 3,danang,1400,km,88,1,30,741000
Icity Villa Riverfront Danang,danang,4600,km,94,1,400,7200000
Ocean Apartment Spa & Golf Danang,danang,12400,km,70,1,70,2000000
The Ocean Estates By Abogo,danang,11800,km,97,1,515,13940630
Luxury Apartment,danang,12400,km,90,1,90,1996583
DA NANG PENHOUSE 4BEDROOM 300SQM IN CITY CENTER,danang,1300,km,100,1,300,3847500
POOL Seaview - 4B - Blue Sea - Balcony - Bathtub,danang,2500,km,80,1,33,550000
Luxury Private Pool Villas in 5-Star Beach Resort & Near Downtown,danang,4900,km,100,1,350,8500000
IDC White House Da Nang,danang,12400,km,87,1,270,4370000
The Ocean Apartment IDCWH B602,danang,12400,km,82,1,85,1748000
Sea Breeze Condotel Danang,danang,3900,km,93,1,45,801970
Indochine Townhouse - Beach neighborhood,danang,2800,km,91,1,140,2065500
The Ocean Apartment IDCWH B302,danang,12400,km,79,1,85,1496250
Bo and Miu Homestay,danang,4500,km,100,1,20,3000000
Villa Da Nang Resort Beachfront Abogo,danang,5000,km,86,1,400,11337662
Quang Nguy?n Towel,danang,3300,km,10,1,75,720000
BAO's House,danang,5100,km,80,1,40,1552500
Song Cat Villa 1,danang,4900,km,50,1,200,3185000
Clean & Quiet Villa - The Point Resort,danang,11600,km,60,1,400,5500000
Blooming Tower- ?? N?ng,danang,2500,km,10,1,134,1152000
Flexi Hotel & Apartment,danang,500,km,96,1,48,1003500
Son Tra Beach Villa Da Nang,danang,2800,km,100,1,700,16129032
Angel Homestay Da Nang,danang,3600,km,97,1,40,800000
Furama Villa Da Nang By Abogo,danang,5000,km,100,1,400,13297577
Green House,danang,3800,km,45,1,55,495720
Kims Furama's Villa Danang,danang,5000,km,88,1,430,8000000
Deluxe Apartment with Ocean View - My Khe Beach Front,danang,3400,km,70,1,70,1200000
The Fish Village Villa,danang,4000,km,76,1,580,9702000
Apartment Seaview Da Nang,danang,3400,km,87,1,50,799200
M??NG THANH APARTMENT,danang,3400,km,60,1,60,1200000
M??ng Thanh S?n Tr? ?? N?ng,danang,3400,km,90,1,60,1300000
Muong Thanh Apartment front Ocean,danang,3400,km,85,1,52,850000
THANHMAI HOMESTAY,danang,3600,km,82,1,150,558600
Abogo Apartment Resort Beach Da Nang,danang,7800,km,100,1,78,13723249
MuongThanh - Apartment Sea Light,danang,3400,km,83,1,68,1199000
Sena home 2nd*near Danang Han river*Dragon bridge,danang,1600,km,94,1,50,382500
Da Nang Beach Villa,danang,2700,km,100,1,700,17921148
TA Boutique Hotel Da Nang,danang,3300,km,91,1,50,769774
Yuki Apartment,danang,3000,km,92,1,35,540000
Da Nang Mikazuki Japanese Villas & Spa,danang,8400,km,93,1,45,1937500
Stunning 2BDR Apartment Ocean View! Rooftop Pool,danang,2700,km,100,1,78,2422500
C?n h? bi?n ?? N?ng 2,danang,3400,km,73,1,70,855000
Sanayen Villa & Residences,danang,2800,km,93,1,35,1177000
AN 1 Apartment,danang,3400,km,75,1,65,1600000
Zuchi's Home&Apartment,danang,2300,km,87,1,30,648000
Rainbow apartment,danang,4600,km,80,1,50,520000
Bom Homes- The Ocean Villas Da Nang,danang,10000,km,75,1,600,6750000
Minh Hung Apartment & Hotel,danang,3900,km,84,1,32,586625
Muong Thanh Apartment Ocean View,danang,3400,km,100,1,50,720000
La Maison Des D?lices,danang,2100,km,91,1,20,467500
Sharon Hotel and Apartment,danang,3200,km,94,1,40,831060
Champa Villa with private pool at Furramar Danang,danang,5000,km,50,1,400,9000000
LH APARTMENT DA NANG,danang,2600,km,91,1,30,559000
Yume Apartment - Homestay ?? N?ng- C?n h? 2 PN,danang,2700,km,90,1,50,540000
Delicate Serviced Apartment And Hotel,danang,3300,km,95,1,35,300000
Fanta Suite Villa,danang,2600,km,65,1,35,1125000
THANHMAI HOMESTAY,danang,3600,km,97,1,150,651700
Joey Hotel ?a? N??ng,danang,2600,km,94,1,27,429300
Ly Apartment,danang,2300,km,84,1,38,400000
ATHENA LUX VILLA,danang,4900,km,100,1,300,4657500
The EmblemSea Beauty Villas Da Nang,danang,12200,km,83,1,390,4968000
M? Kh? Beach sea view and city view ?? N?ng,danang,3400,km,77,1,70,1500000
Sumi Home Danang Studio,danang,1100,km,90,1,25,526500
The Point Villa - IDC White House Da Nang,danang,11000,km,78,1,270,4264313
Abogo Villa Pool City Center Near Beach Of Da Nang,danang,3100,km,90,1,515,11830107
Athena 2BR Apartment with Beachfront Infinity Pool,danang,2700,km,100,1,70,1757500
Ocean-view Home Muong Thanh Apt,danang,3400,km,89,1,68,1140000
Rung Huong Apartment,danang,4600,km,95,1,140,3325000
Sang Boutique Villa,danang,2500,km,92,1,800,8900000
Sky Villa- 4Bedroom -My Khe Beach,danang,3200,km,80,1,300,3184776
Phuong Tran Apartment and Hotel,danang,300,m,87,1,32,518760
Madame Ph??ng - C?n h? h??ng bi?n,danang,3400,km,77,1,75,1100000
Sunny House,danang,2300,km,91,1,40,450000
Oriental Danang,danang,1100,km,97,1,38,1120000
Han Apartment,danang,1300,km,98,1,32,598000
LIVIE Da Nang Style,danang,2900,km,93,1,28,900000
My Suites Danang Beach,danang,2600,km,84,1,27,560000
Abogo Resort Villas Beachview Da Nang,danang,8000,km,88,1,626,20016456
Kenkesu House,danang,1300,km,93,1,150,2374050
Gia Han Apartment Da Nang,danang,2900,km,89,1,32,350000
Tropical House Apartment Da Nang,danang,1600,km,85,1,45,825000
C?n h? View Bi?n M??ng Thanh ?? N?ng,danang,3300,km,86,1,70,1400000
Abogo Point Resort Villa Pool Golf Da Nang,danang,11700,km,80,1,434,6629111
2 BR Luxury Apartment with Ocean View in My Khe Beach,danang,3400,km,95,1,70,1000000
Wide Sea Apartment&Hotel,danang,2100,km,93,1,38,639000
Kh?ch s?n Madame trang,danang,1900,km,71,1,30,404950
Abogo Resort Villas Ocean Da Nang,danang,12300,km,86,1,333,7431944
Luxury Apartment in Sheraton Building with Ocean View,danang,3000,km,93,1,101,2500000
Ga?o House Homestay ?a? N??ng g??n s?n bay va? trung t?m tha?nh ph??,danang,1700,km,98,1,210,1403415
Da Nang Daisy Apartment 1 Beach View,danang,3400,km,82,1,60,1665000
Mango Home & Apartment,danang,2900,km,95,1,28,407550
Dragon View Riverfront Hotel,danang,600,km,79,1,35,1000000
Muong Thanh Bien My Khe Da Nang,danang,3400,km,100,1,67,1100000
Apartments Sea View,danang,3400,km,68,1,70,1233100
MAI Villa Da Nang,danang,4100,km,66,1,35,668250
Resort Villa Da Nang Luxurious Abogo,danang,4900,km,67,1,515,11128296
Deluxe Ocean Villa Along The Beach,danang,12200,km,92,1,250,6434033
Oasis Villa,danang,12100,km,50,1,70,3000000
LIVIE Da Nang An Thuong,danang,3500,km,90,1,36,899999
The Nang Suites,danang,2000,km,93,1,21,870000
Furama Villas Danang,danang,4800,km,78,1,330,9689220
Nami Home Da Nang,danang,3000,km,94,1,30,470000
Legacy Riverside Da Nang,danang,1100,km,83,1,54,18000000
Villa Poseidon - 300m - Bi?n M? An,danang,3300,km,90,1,450,2945000
Mercury Beach DaNang,danang,3900,km,94,1,45,1330000
Vinh Trung Plaza Hotel,danang,600,km,60,1,45,749700
Carinae Hotel & Suite - Managed by Naman Retreat,danang,13100,km,86,1,38,2888889
M?a home,danang,2700,km,100,1,25,510000
Homestay Sea Kite,danang,3500,km,88,1,45,785175
Luxury Apt Seaview next to Walking St & My An Beach,danang,3300,km,95,1,70,1080000
Balcony Best SEA VIEW - CITY VIEW - OPTIONAL - 1' to MY KHE Beach ?? N?ng,danang,3400,km,88,1,68,1330000
Muong Thanh Apartment Luxury Da Nang,danang,3400,km,90,1,67,1170000
C?n H? Kh?ch S?n ?? N?ng View Bi?n - ?? N?ng Apartment Beach View,danang,3500,km,85,1,45,1459000
MD Tropical Sea Apartment,danang,3400,km,82,1,65,726750
Local White House - Ecofriendly Homestay,danang,6700,km,85,1,25,282150
Loving Homestay & Apartment Da Nang,danang,2500,km,94,1,25,299700
AHA Thang Bom Apartment Da Nang,danang,1200,km,93,1,25,540270
Vinpearl Resort & Spa Da Nang,danang,9800,km,89,1,370,8976000
2BR Balcony Best SEA VIEW - CITY VIEW - OPTIONAL - High Floor - 1' to MY KHE Beach - C?n h? 2PN Ban c?ng view bi?n - view th?nh ph? - nhi?u lo?i ph?ng - M?t ph?t ??n bi?n - T?ng cao,danang,3400,km,89,1,65,901692
Premier Village Danang Resort Managed By Accor,danang,4500,km,85,1,240,8494791
Baphu Apartment - 5 min walk to My Khe beach,danang,2800,km,98,1,75,1537128
Da Nang Daisy Apartment,danang,3400,km,85,1,65,1500000
Lahome Villa Apartment,danang,2700,km,86,1,30,869400
The Ocean Villa Resort Beachfront By Abogo,danang,12400,km,70,1,41,7584882
Abogo Resort Villas Luxury Da Nang,danang,4900,km,87,1,400,11048360
Chill Apartment Sea Vip.,danang,3400,km,80,1,60,688500
O'palm Apartment,danang,3100,km,100,1,24,506000
Tashi Boutique Hotel & Apartment,danang,2400,km,92,1,40,1881475
MyHouse Ocean View,danang,3400,km,96,1,65,1000000
Panoramic view - My Khe Beach Da Nang,danang,3400,km,85,1,68,1144000
7 Seven Sea Villa,danang,2700,km,89,1,39,630000
Lagom Boutique Hotel Da Nang,danang,3200,km,98,1,35,1000000
Apartments SeaView,danang,3400,km,75,1,65,1080000
Presidential Palace Da Nang,danang,8100,km,100,1,65,4009500
Kaia Residence Danang Quiet Garden,danang,1100,km,95,1,50,1350000
TONY ESTATES Danang Beach Luxury Apartments,danang,2300,km,95,1,65,645697
Altara Suites Da Nang by AHG,danang,3000,km,87,1,60,2039993
MK Riverside Apartment by Haviland,danang,2700,km,100,1,35,631800
Siro homestay,danang,3500,km,100,1,70,270000
111 Boutique Apartment,danang,3000,km,97,1,35,400000
Louis Mo Apartment,danang,3300,km,92,1,75,3420000
Villa Da Nang Resort Beachfront Abogo,danang,5000,km,86,1,400,11337662
Sen Boutique Villa Apartment,danang,3400,km,87,1,45,450000
Nostalgia DS Hotel,danang,4200,km,88,1,45,638400
Babylon Garden Da Nang,danang,2700,km,91,1,26,766679
NM Homestay Danang,danang,400,m,99,1,45,873000
Banana Flower Homestay,danang,1100,km,90,1,25,480000
Abogo Villa Pool City Center Near Beach Of Da Nang,danang,3100,km,90,1,515,11830107
Delicate Serviced Apartment And Hotel,danang,3300,km,95,1,35,300000
La Maison Des D?lices,danang,2100,km,91,1,20,467500
Sanayen Villa & Residences,danang,2800,km,93,1,35,1177000
Dolphin Hotel and Apartment,danang,3100,km,94,1,40,721111
Cani Beach House,danang,3500,km,90,1,30,850500
My Suites Danang Beach,danang,2600,km,84,1,27,560000
Phuong Tran Apartment and Hotel,danang,300,m,87,1,32,518760
Sumi Home Danang Studio,danang,1100,km,90,1,25,526500
"C?n h? ven bi?n ""Sea View Apartment near beach""",danang,3400,km,80,1,69,1365000
Deluxe Ocean Villa Along The Beach,danang,12200,km,92,1,250,6434033
Abogo Point Resort Villa Pool Golf Da Nang,danang,11700,km,80,1,434,6629111
The Now Boutique Hotel,danang,3000,km,88,1,28,697297
TIA Wellness Resort - Spa Inclusive,danang,5600,km,94,1,106,11180773
Loving Homestay & Apartment Da Nang,danang,2500,km,94,1,25,299700
Seahorse Hotel & Office by HAVILAND,danang,400,m,92,1,30,1889550
A La Carte Da Nang Beach,danang,2800,km,83,1,44,1680000
Adaline Hotel & Apartment,danang,4900,km,89,1,40,660000
Sun River Hotel & Apartment,danang,4200,km,94,1,40,902700
Salamander Apartment hotel,danang,2800,km,88,1,40,380000
Sen Boutique Villa Apartment,danang,3400,km,87,1,45,450000
NM Homestay Danang,danang,400,m,99,1,45,873000
MK Riverside Apartment by Haviland,danang,2700,km,100,1,35,631800
O'palm Apartment,danang,3100,km,100,1,24,506000
Ponte Boutique Da Nang,danang,2600,km,95,1,40,1037221
"C?n h? ven bi?n ""Sea View Apartment near beach""",danang,3400,km,80,1,69,1365000
The Dream Suite,danang,2700,km,95,1,35,1213800
Pansy Beach Hotel,danang,3400,km,92,1,30,994500
Maha Mangala Zen Garden & Residence,danang,12000,km,83,1,70,3138750
Dolphin Hotel and Apartment,danang,3100,km,94,1,40,721111
Cani Beach House,danang,3500,km,90,1,30,850500
D?rive Boutique Villa & Apartment Da Nang,danang,2700,km,91,1,35,427500
SHI HOUSE by Haviland,danang,1400,km,96,1,35,570000
Sun River Hotel & Apartment,danang,4200,km,94,1,40,749772
SHI HOUSE by Haviland,danang,1400,km,96,1,35,570000
Goldview Apartment,danang,3400,km,80,1,58,950000
Monalisa Apartment,danang,3400,km,88,1,55,441000
Glese Pool Villas & Resort Danang,danang,10000,km,100,1,616,7125000
"Villa Adelia, Sauna, 4 star standard room, TV and balcony",danang,3200,km,70,2,280,3100000
Two Bedrooms Apartment with Sea View,danang,9600,km,90,2,90,2500000
Tashi Boutique Hotel & Apartment,danang,2400,km,92,2,40,1881475
White Villar ?a? N??ng,danang,3400,km,79,2,70,2550000
Excellent Ruby Villa near Han river,danang,10000,km,100,2,220,8500000
HH Residence - Serviced Apartment,danang,3100,km,93,2,44,1032750
The Ocean Estates By Abogo,danang,11800,km,97,2,515,13940630
Carol House Beach ?? N?ng,danang,3300,km,87,2,400,5850000
Sunshine Apartment in 5* resort,danang,12400,km,50,2,54,1600370
Superior Apartment Beach Resort,danang,12400,km,100,2,80,3135000
Lam Ocean View villa Da nang,danang,11700,km,70,2,900,9000000
Phuong Tran Apartment and Hotel,danang,300,m,87,2,32,518760
LA MAISON DE ANH,danang,3500,km,10,2,85,2000000
Carol Homestay & Apartment Da Nang 3,danang,1400,km,88,2,30,741000
The Ocean Apartment IDCWH B602,danang,12400,km,82,2,85,1748000
Casa de Tan 2 - Bi?t th? sang tr?ng t?i ?? N?ng,danang,1000,km,85,2,270,5130000
HMN Hotel and Apartment Da Nang,danang,2000,km,75,2,50,1661750
Luxury Apartment,danang,12400,km,90,2,90,2595558
AVilla Mountain,danang,5900,km,100,2,360,10000000
111 Boutique Apartment,danang,3000,km,97,2,35,400000
Luxury Private Pool Villas in 5-Star Beach Resort & Near Downtown,danang,4900,km,100,2,350,8500000
Luxury Ocean Villa 3 bedrooms close to the Beach,danang,10000,km,68,2,300,7000000
One Bedroom Apartment with Sea View,danang,9000,km,90,2,60,1600000
The Ocean Apartment IDCWH B302,danang,12400,km,79,2,85,1496250
Blooming Tower- ?? N?ng,danang,2500,km,10,2,134,1152000
Sanny Villas,danang,3200,km,87,2,300,4000000
TONY ESTATES Danang Beach Luxury Apartments,danang,2300,km,95,2,65,665667
Apartment Seaview Da Nang,danang,3400,km,87,2,50,799200
M?a's house TL-private swimming pool,danang,3000,km,90,2,130,3800000
Green House,danang,3800,km,45,2,55,550800
Ocean Villa Da Nang- ABogo,danang,12300,km,100,2,312,5687500
Sunrise Pool Villa-3BR Free Pick Up,danang,4900,km,100,2,450,6000000
C?n h? bi?n ?? N?ng 2,danang,3400,km,73,2,70,855000
Sunrise House,danang,1400,km,95,2,55,405000
Indochine Townhouse - Beach neighborhood,danang,2800,km,91,2,140,2065500
The Fish Village Villa,danang,4000,km,76,2,580,9828000
THANHMAI HOMESTAY,danang,3600,km,82,2,150,605150
Quang Nguy?n Towel,danang,3300,km,10,2,75,800000
M??NG THANH APARTMENT,danang,3400,km,60,2,60,1200000
Son Tra Beach Villa Da Nang,danang,2800,km,100,2,700,16129032
TA Boutique Hotel Da Nang,danang,3300,km,91,2,50,769774
Abogo Apartment Resort Beach Da Nang,danang,7800,km,100,2,78,13752999
Deluxe Apartment with Ocean View - My Khe Beach Front,danang,3400,km,70,2,70,1200000
IDC White House Da Nang,danang,12400,km,87,2,270,4370000
Muong Thanh Apartment front Ocean,danang,3400,km,85,2,52,850000
Angel Homestay Da Nang,danang,3600,km,97,2,40,800000
Zuchi's Home&Apartment,danang,2300,km,87,2,35,720000
Yuki Apartment,danang,3000,km,92,2,35,540000
M??ng Thanh S?n Tr? ?? N?ng,danang,3400,km,90,2,60,1300000
MuongThanh - Apartment Sea Light,danang,3400,km,83,2,68,1199000
Villa Da Nang Resort Beachfront Abogo,danang,5000,km,86,2,400,11337662
OCEAN VIEW HOME FOURPOINT BUILDING DA NANG Beach,danang,3000,km,83,2,100,2565000
C?n H? M??ng Thanh ?? N?ng - Muong Thanh Apartment in Da Nang for rent,danang,3400,km,97,2,68,945000
Luxury Beach Villa Da Nang,danang,2500,km,100,2,700,16129032
Bo and Miu Homestay,danang,4500,km,100,2,20,3000000
Bathtub*My Khe Beach* 4 bedrooms+6 beds* An Thuong Street,danang,3400,km,100,2,280,1550000
Clean & Quiet Villa - The Point Resort,danang,11600,km,60,2,400,5500000
Bom Homes- The Ocean Villas Da Nang,danang,10000,km,75,2,600,6750000
Delicate Serviced Apartment And Hotel,danang,3300,km,95,2,35,300000
C?n h? 3 Bedrooms bi?n M? Kh?,danang,3400,km,80,2,100,2050000
Da Nang Beach Villa,danang,2700,km,100,2,700,17921148
Rainbow apartment,danang,4600,km,80,2,50,552500
Shore Villa,danang,1700,km,80,2,750,2950000
Yume Apartment - Homestay ?? N?ng- C?n h? 2 PN,danang,2700,km,90,2,50,576000
THANHMAI HOMESTAY,danang,3600,km,97,2,150,651700
Muong Thanh Apartment Ocean View,danang,3400,km,100,2,50,765000
Loving Homestay & Apartment Da Nang,danang,2500,km,94,2,25,333000
LH APARTMENT DA NANG,danang,2600,km,91,2,30,559000
The Yacht Villa,danang,12400,km,100,2,832,17500000
Stunning 2BDR Apartment Ocean View! Rooftop Pool,danang,2700,km,100,2,78,2422500
Sumi Home Danang Studio,danang,1100,km,90,2,25,526500
Minh Hung Apartment & Hotel,danang,3900,km,84,2,32,586625
Sharon Hotel and Apartment,danang,3200,km,94,2,35,850500
Pool Villa Da Nang 4BR Close to Han River,danang,5000,km,92,2,200,2561895
Da Nang Mikazuki Japanese Villas & Spa,danang,8400,km,93,2,45,1937500
AN 1 Apartment,danang,3400,km,75,2,65,1600000
Danang Moment - Boutique Serviced Apartment,danang,3400,km,85,2,40,562000
Fanta Suite Villa,danang,2600,km,65,2,35,1125000
Athena 2BR Apartment with Beachfront Infinity Pool,danang,2700,km,100,2,70,1757500
ATHENA LUX VILLA,danang,4900,km,100,2,300,4657500
Abogo Villa Pool City Center Near Beach Of Da Nang,danang,3100,km,90,2,515,11830107
LaLa Apartment and Hotel,danang,10900,km,90,2,50,950000
Han Apartment,danang,1300,km,98,2,32,598000
Ocean-view Home Muong Thanh Apt,danang,3400,km,89,2,68,1140000
Blue-S Hotel & Apartment,danang,3400,km,86,2,15,563063
M? Kh? Beach sea view and city view ?? N?ng,danang,3400,km,77,2,70,1500000
Sang Boutique Villa,danang,2500,km,92,2,800,8900000
Sunny House,danang,2300,km,91,2,40,450000
Sanayen Villa & Residences,danang,2800,km,93,2,35,1177000
Mango Home & Apartment,danang,2900,km,95,2,35,418000
Meliora Hotel & Apartment,danang,4400,km,93,2,35,650000
My Suites Danang Beach,danang,2600,km,84,2,27,560000
Madame Ph??ng - C?n h? h??ng bi?n,danang,3400,km,77,2,75,1100000
Kh?ch s?n Madame trang,danang,1900,km,71,2,30,405000
2 BR Luxury Apartment with Ocean View in My Khe Beach,danang,3400,km,95,2,70,1000000
The EmblemSea Beauty Villas Da Nang,danang,12200,km,83,2,390,4968000
The Point Villa - IDC White House Da Nang,danang,11000,km,78,2,270,4264313
Oriental Danang,danang,1100,km,97,2,38,1120000
Tropical House Apartment Da Nang,danang,1600,km,85,2,45,825000
Abogo Resort Villas Beachview Da Nang,danang,8000,km,88,2,626,20041744
LIVIE Da Nang An Thuong,danang,3500,km,90,2,36,899999
LIVIE Da Nang Style,danang,2900,km,93,2,28,900000
Legacy Riverside Da Nang,danang,1100,km,83,2,54,18000000
Apartments Sea View,danang,3400,km,68,2,70,1233100
Sky Villa- 4Bedroom -My Khe Beach,danang,3200,km,80,2,300,3184776
Abogo Resort Villas Ocean Da Nang,danang,12300,km,86,2,333,7431944
Muong Thanh Bien My Khe Da Nang,danang,3400,km,100,2,67,1100000
Oasis Villa,danang,12100,km,50,2,70,3000000
Wide Sea Apartment&Hotel,danang,2100,km,93,2,38,639000
Ga?o House Homestay ?a? N??ng g??n s?n bay va? trung t?m tha?nh ph??,danang,1700,km,98,2,210,1511370
Da Nang Daisy Apartment 1 Beach View,danang,3400,km,82,2,60,1665000
NM Homestay Danang,danang,400,m,99,2,45,900000
Local White House - Ecofriendly Homestay,danang,6700,km,85,2,25,297000
Louis Mo Apartment,danang,3300,km,92,2,75,3420000
Dragon View Riverfront Hotel,danang,600,km,79,2,35,1000000
Furama Villas Danang,danang,4800,km,78,2,330,9689220
Flexi Hotel & Apartment,danang,500,km,96,2,48,1003500
MD Tropical Sea Apartment,danang,3400,km,82,2,65,769500
LAGOM APARTMENT AND HOTEL,danang,3300,km,94,2,40,769500
Luxury Apt Seaview next to Walking St & My An Beach,danang,3300,km,95,2,70,1080000
City Hostel Da Nang,danang,450,m,82,2,40,599000
MAI Villa Da Nang,danang,4100,km,66,2,35,668250
Nami Home Da Nang,danang,3000,km,94,2,30,470000
O'palm Apartment,danang,3100,km,100,2,24,506000
Sena home 2nd*near Danang Han river*Dragon bridge,danang,1600,km,94,2,50,573750
An An Homes,danang,4400,km,77,2,55,450000
Dawn Apartment by RentalFM,danang,3100,km,80,2,40,550000
The Ocean Luxury Villas by Danatrip,danang,12300,km,90,2,56,4095000
Villa Poseidon - 300m - Bi?n M? An,danang,3300,km,90,2,450,2945000
Vinh Trung Plaza Hotel,danang,600,km,60,2,45,749700
M?a home,danang,2700,km,100,2,25,510000
Luxury Apartment in Sheraton Building with Ocean View,danang,3000,km,93,2,101,2500000
Deluxe Ocean Villa Along The Beach,danang,12200,km,92,2,250,6434033
Private Pool Villa Da Nang - 2 Min to My Khe Beach,danang,3900,km,93,2,500,3968604
Carinae Hotel & Suite - Managed by Naman Retreat,danang,13100,km,86,2,38,2888889
The Nang Suites,danang,2000,km,93,2,21,870000
John Boutique Villa,danang,2700,km,93,2,20,1170000
Hachi Home,danang,3600,km,87,2,36,501600
Homestay Sea Kite,danang,3500,km,88,2,45,812250
Aron Hotel & Apartment Da Nang,danang,3200,km,83,2,32,396000
C?n H? Kh?ch S?n ?? N?ng View Bi?n - ?? N?ng Apartment Beach View,danang,3500,km,85,2,45,1459000
Balcony Best SEA VIEW - CITY VIEW - OPTIONAL - 1' to MY KHE Beach ?? N?ng,danang,3400,km,88,2,68,1330000
2BR Balcony Best SEA VIEW - CITY VIEW - OPTIONAL - High Floor - 1' to MY KHE Beach - C?n h? 2PN Ban c?ng view bi?n - view th?nh ph? - nhi?u lo?i ph?ng - M?t ph?t ??n bi?n - T?ng cao,danang,3400,km,89,2,65,901692
Bare Han - Bare Boutique Stays,danang,600,km,92,2,33,860000
Muong Thanh Apartment Luxury Da Nang,danang,3400,km,90,2,67,1170000
Abogo Point Resort Villa Pool Golf Da Nang,danang,11700,km,80,2,434,6629111
MK Riverside Apartment by Haviland,danang,2700,km,100,2,35,631800
Banana Flower Homestay,danang,1100,km,90,2,25,480000
AHA Thang Bom Apartment Da Nang,danang,1200,km,93,2,25,540270
Abogo Resort Villas Luxury Da Nang,danang,4900,km,87,2,400,11048360
Premier Village Danang Resort Managed By Accor,danang,4500,km,85,2,240,8494791
MyHouse Ocean View,danang,3400,km,96,2,65,1000000
Siro homestay,danang,3500,km,100,2,70,300000
K-House vs Apartment,danang,2900,km,91,2,50,1200000
Presidential Palace Da Nang,danang,8100,km,100,2,65,4455000
La Maison Des D?lices,danang,2100,km,91,2,20,467500
Salamander Apartment hotel,danang,2800,km,88,2,40,400000
Vinpearl Resort & Spa Da Nang,danang,9800,km,89,2,370,8976000
Baphu Apartment - 5 min walk to My Khe beach,danang,2800,km,98,2,75,1541628
Lahome Villa Apartment,danang,2700,km,86,2,30,869400
Da Nang Daisy Apartment,danang,3400,km,85,2,65,1500000
Panoramic view - My Khe Beach Da Nang,danang,3400,km,85,2,68,1144000
Le Cap Hotel & Apartment,danang,2300,km,91,2,27,1377000
111 Boutique Apartment,danang,3000,km,97,2,35,400000
Phuong Tran Apartment and Hotel,danang,300,m,87,2,32,518760
Tashi Boutique Hotel & Apartment,danang,2400,km,92,2,40,514706
Apartments SeaView,danang,3400,km,75,2,65,1080000
Kaia Residence Danang Quiet Garden,danang,1100,km,95,2,50,1350000
Lagom Boutique Hotel Da Nang,danang,3200,km,98,2,35,1000000
Babylon Garden Da Nang,danang,2700,km,91,2,26,766679
Loving Homestay & Apartment Da Nang,danang,2500,km,94,2,25,333000
Delicate Serviced Apartment And Hotel,danang,3300,km,95,2,35,300000
Villa Da Nang Resort Beachfront Abogo,danang,5000,km,86,2,400,11337662
TA Boutique Hotel Da Nang,danang,3300,km,91,2,50,769774
Sanayen Villa & Residences,danang,2800,km,93,2,35,1177000
My Suites Danang Beach,danang,2600,km,84,2,27,560000
Abogo Villa Pool City Center Near Beach Of Da Nang,danang,3100,km,90,2,515,11830107
Sumi Home Danang Studio,danang,1100,km,90,2,25,526500
Altara Suites Da Nang by AHG,danang,3000,km,87,2,60,2039993
Seahorse Hostel & Cafe by HAVILAND,danang,600,km,90,2,25,944775
O'palm Apartment,danang,3100,km,100,2,24,506000
Dolphin Hotel and Apartment,danang,3100,km,94,2,40,721111
Sen Boutique Villa Apartment,danang,3400,km,87,2,45,450000
NM Homestay Danang,danang,400,m,99,2,45,900000
Louis Mo Apartment,danang,3300,km,92,2,75,3420000
Cani Beach House,danang,3500,km,90,2,30,850500
Abogo Point Resort Villa Pool Golf Da Nang,danang,11700,km,80,2,434,6629111
MK Riverside Apartment by Haviland,danang,2700,km,100,2,35,631800
Deluxe Ocean Villa Along The Beach,danang,12200,km,92,2,250,6434033
Adaline Hotel & Apartment,danang,4900,km,89,2,40,660000
Salamander Apartment hotel,danang,2800,km,88,2,40,400000
Naman Retreat,danang,13000,km,84,2,54,6480000
Sen Boutique Villa Apartment,danang,3400,km,87,2,45,450000
"C?n h? ven bi?n ""Sea View Apartment near beach""",danang,3400,km,80,2,69,1365000
TIA Wellness Resort - Spa Inclusive,danang,5600,km,94,2,106,11180773
Cani Beach House,danang,3500,km,90,2,30,850500
Dolphin Hotel and Apartment,danang,3100,km,94,2,40,721111
Sun River Hotel & Apartment,danang,4200,km,94,2,40,902700
Ponte Boutique Da Nang,danang,2600,km,95,2,40,1037221
The Dream Suite,danang,2700,km,95,2,35,1213800
SHI HOUSE by Haviland,danang,1400,km,96,2,35,570000
"C?n h? ven bi?n ""Sea View Apartment near beach""",danang,3400,km,80,2,69,1365000
Sun River Hotel & Apartment,danang,4200,km,94,2,40,902700
SHI HOUSE by Haviland,danang,1400,km,96,2,35,570000
Monalisa Apartment,danang,3400,km,88,2,55,441000
D?rive Boutique Villa & Apartment Da Nang,danang,2700,km,91,2,35,427500
Maha Mangala Zen Garden & Residence,danang,12000,km,83,2,70,3138750
Goldview Apartment,danang,3400,km,80,2,58,950000
Monalisa Apartment,danang,3400,km,88,2,55,441000
Goldview Apartment,danang,3400,km,80,2,58,950000
Glese Furama Pool Villas & Resort Danang,danang,10000,km,100,2,450,12112500
Riverside Apartment,haiphong,3900,km,10,1,40,720000
Homestay Honey Appartment H?i Ph?ng - Ho?ng Huy Grand Tower,haiphong,2500,km,100,1,68,1200000
"AnE House SHP Plaza 12 L?ch Tray, H?i Ph?ng",haiphong,800,km,100,1,71,1275000
Vu Gia Khanh Apartment,haiphong,7100,km,88,1,45,710000
S20 Apartment,haiphong,3400,km,92,1,20,477900
HAPPY HOMESTAY,haiphong,600,km,96,1,20,617500
Ventana house,haiphong,300,m,77,1,32,700000
Hai Phong Tower,haiphong,450,m,87,1,50,1250000
Khanh Phong Apartment PG02-20,haiphong,1300,km,83,1,25,541500
Sunflower International Village,haiphong,2700,km,97,1,32,1850000
"HHT homestay Ho?ng Huy Grand Tower, S? D?u, H?ng B?ngH?i Ph?ng",haiphong,2500,km,90,1,67,650000
Windy Hill Catba Homestay,haiphong,38500,km,83,1,25,760320
La ventana modern house,haiphong,300,m,55,1,10,500000
The Flamboyant #StayWork Vinhomes Marina,haiphong,4000,km,82,1,30,623333
HK apartment & hotel in haiphong,haiphong,3800,km,86,1,35,500000
Trang Thanh Luxury Apartment,haiphong,1200,km,91,1,60,754110
Chu?i c?n h? Merci Apartment & Homestay - HH Riverside Hai Phong Central,haiphong,1600,km,92,1,32,500000
Roygent Parks Hai Phong,haiphong,3600,km,80,1,77,3670321
2702 Apartment,haiphong,2500,km,100,1,60,960000
Victory Apartment,haiphong,1400,km,89,1,50,1445850
Merry House Ho?ng Huy Riverside,haiphong,1500,km,94,1,33,510300
The Flamboyant #StayWork Vinhomes Imperia,haiphong,2200,km,93,1,25,1000000
Legend House,haiphong,4000,km,100,1,30,990000
Somerset Central TD Hai Phong City,haiphong,1800,km,86,1,45,2079000
Tan An Palace,haiphong,2800,km,72,1,29,920000
Chu?i c?n h? Merci Apartment & Homestay - Vinhomes Marina Hai Phong,haiphong,4100,km,91,1,28,470000
HAPPY HOMESTAY,haiphong,600,km,96,1,20,617500
Chu?i c?n h? Merci Apartment & Homestay - Hoang Huy Grand Tower HP,haiphong,2300,km,90,1,70,800000
PH Hotel & Apartment,haiphong,350,m,93,1,32,1100250
VinHomes Imperia H?i Ph?ng,haiphong,2200,km,70,1,35,600000
"AnE House SHP Plaza 12 L?ch Tray, H?i Ph?ng",haiphong,800,km,100,2,71,1350000
Riverside Apartment,haiphong,3900,km,10,2,40,800000
Vu Gia Khanh Apartment,haiphong,7100,km,88,2,45,710000
S20 Apartment,haiphong,3400,km,92,2,20,501500
Ventana house,haiphong,300,m,77,2,32,700000
HAPPY HOMESTAY,haiphong,600,km,96,2,20,650000
Hai Phong Tower,haiphong,450,m,87,2,50,1250000
Sunflower International Village,haiphong,2700,km,97,2,32,1850000
Chu?i c?n h? Merci Apartment & Homestay - Hoang Huy Grand Tower HP,haiphong,2300,km,90,2,70,800000
Khanh Phong Apartment PG02-20,haiphong,1300,km,83,2,25,541500
"HHT homestay Ho?ng Huy Grand Tower, S? D?u, H?ng B?ngH?i Ph?ng",haiphong,2500,km,90,2,67,750000
La ventana modern house,haiphong,300,m,55,2,10,500000
Windy Hill Catba Homestay,haiphong,38500,km,83,2,25,760320
2702 Apartment,haiphong,2500,km,100,2,60,1020000
Chu?i c?n h? Merci Apartment & Homestay - HH Riverside Hai Phong Central,haiphong,1600,km,92,2,32,500000
Merry House Ho?ng Huy Riverside,haiphong,1500,km,94,2,33,567000
Trang Thanh Luxury Apartment,haiphong,1200,km,91,2,60,837900
Somerset Central TD Hai Phong City,haiphong,1800,km,86,2,45,2079000
The Flamboyant #StayWork Vinhomes Imperia,haiphong,2200,km,93,2,25,1000000
Lee Apartment & Hotel,haiphong,2600,km,91,2,35,650000
Roygent Parks Hai Phong,haiphong,3600,km,80,2,77,3670321
The Flamboyant #StayWork Vinhomes Marina,haiphong,4000,km,82,2,30,623333
Tan An Palace,haiphong,2800,km,72,2,29,950000
Chu?i c?n h? Merci Apartment & Homestay - Vinhomes Marina Hai Phong,haiphong,4100,km,91,2,28,470000
Legend House,haiphong,4000,km,100,2,30,990000
ZEN RIVERSIDE HOTEL & RESIDENCES,haiphong,4400,km,83,2,36,1140000
HAPPY HOMESTAY,haiphong,600,km,96,2,20,650000
Chu?i c?n h? Merci Apartment & Homestay - Hoang Huy Grand Tower HP,haiphong,2300,km,90,2,70,800000
Chu?i c?n h? Merci Apartment & Homestay - Vinhomes Imperia Hai Phong,haiphong,2200,km,84,2,28,500000
PH Hotel & Apartment,haiphong,350,m,93,2,32,1100250
VinHomes Imperia H?i Ph?ng,haiphong,2200,km,70,2,35,600000
Novatel Hotel & Apartment,haiphong,3100,km,88,2,20,576000
GV-S1/Gold View/2Bed/1Bath/Free Pool & Gym,hochiminh,1800,km,100,1,70,1600000
Tommy Home in Tresor - 2 Bedrooms Luxury River view Condo next to District 1,hochiminh,800,km,90,1,86,1822500
3br-The Tresor-Bitexco View-Hana's Apart,hochiminh,1600,km,90,1,100,2000000
Scandinavian Apartment - FREE Pool & Gym,hochiminh,900,km,80,1,65,1443200
Mini House - Homestay HCM Main Road,hochiminh,3900,km,90,1,30,450000
MANT Rivergate Apartments,hochiminh,1000,km,100,1,30,2200000
Scenic Valley Condotel - Ph? M? H?ng,hochiminh,5100,km,100,1,75,1700000
Riverside house Qu?n Ph? Nhu?n 1,hochiminh,4000,km,90,1,30,765000
Masteri 2 bedrooms apartment for rent,hochiminh,5600,km,10,1,65,1255500
TAT River Gate apartment - infinity pool signature,hochiminh,1000,km,100,1,28,1620000
Vinhomes Central Park 2 Capitalland,hochiminh,3500,km,43,1,56,1327500
Thu? Sky,hochiminh,5200,km,90,1,40,790000
Mhome apartment,hochiminh,3300,km,50,1,30,432000
Vinhomes Landmark,hochiminh,3500,km,10,1,52,1120000
HHomes Luxury 1 Bedroom view Bikini at Masteri Thao Dien District 2 - Tower 3,hochiminh,5900,km,98,1,50,1120000
Sunrise City 3 Bed Room Full Furniture,hochiminh,3200,km,77,1,120,2400000
Vinhome Central Park apartment - T?n C?ng RB,hochiminh,3600,km,10,1,53,920000
Cozy home !,hochiminh,3500,km,30,1,100,2500000
Masteri Thao Dien,hochiminh,5600,km,95,1,60,1150000
Vinhome central Park 1BR View City,hochiminh,3500,km,57,1,50,1282500
Homestay saigon - wood room 2,hochiminh,9200,km,70,1,20,299250
Aromabnb,hochiminh,6800,km,40,1,400,500000
VINHOMES Condo in Landmark 81 area# River & Park view,hochiminh,3400,km,57,1,50,1620000
C?n h? cao c?p vinhome central park,hochiminh,3500,km,80,1,56,880000
New & Luxury Apartment with Pool-3014,hochiminh,800,km,77,1,88,1900000
The Peony Apartment,hochiminh,1200,km,10,1,35,780000
Vinhomes Kevin Tran Luxury Apartment,hochiminh,3500,km,100,1,55,1134000
C?n h? Cao c?p Trung t?m Q1,hochiminh,2500,km,20,1,35,675000
Manuka's luxurious studio at the heart of the city,hochiminh,900,km,70,1,48,1560000
"Homestay Qu?n 1 - Cozy, Peaceful & Chill",hochiminh,2600,km,83,1,33,655200
Tulipstay-Metropole Luxury Apartments,hochiminh,1800,km,100,1,55,1690000
Gold View APT1/2bed/2bath/free pool and Gym,hochiminh,1800,km,10,1,82,1600000
Hani's Premium APT/ML1/2Bed/2Bath/Free Pool&Gym,hochiminh,1800,km,87,1,90,1520000
Landmark 81 Luxury Sai Gon,hochiminh,3500,km,40,1,55,1620000
Vinhome Central Park apartment - RB1,hochiminh,3500,km,10,1,54,900000
"Gold View APT 346 Ben Van Don, Phuong 1, Qaun 4",hochiminh,1800,km,70,1,80,1600000
SCENIC VALLEY APARTMENT AT PHU MY HUNG NEAR EXPO SECC,hochiminh,4900,km,88,1,80,1500000
Sunrise City - 1 Bed Room - Full Furniture - City View,hochiminh,3200,km,100,1,80,1377500
Lucky House,hochiminh,600,km,40,1,40,684000
C?n H? Vinhomes Landmark Plus *View ??p C? B?n T?m N?m,hochiminh,3500,km,100,1,54,1400000
Michael Apartment Scenic Valley,hochiminh,5600,km,90,1,77,1440355
Cozrum Homes Citi Town,hochiminh,1500,km,74,1,29,997592
Rivergate Residence canal view studio w free pool,hochiminh,1000,km,60,1,30,830000
Holiday Republic Saigon Airport,hochiminh,5800,km,70,1,50,2940000
Saigon Royal Luxury Apartment Free Gym&Pool,hochiminh,800,km,96,1,88,2000000
Tommy Home 2Bedroom 86m2 in Royal Residence,hochiminh,800,km,100,1,60,1881000
C?n H? Vinhomes Central Park to? Landmark- 1 Ph?ng Ng?,hochiminh,3900,km,90,1,54,1300000
9Trip in Zenity- 2 Bedrooms Singapore standard Condo in Saigon center district 1,hochiminh,2100,km,100,1,79,3334500
RIVIERA POINT Condo in Ph? M? H?ng#River View#SECC#D7,hochiminh,5600,km,100,1,95,2025000
Luxury The MarQ Saigon Apartment,hochiminh,1700,km,97,1,50,2385000
THE TRESOR Apartment Free Gym Pool,hochiminh,800,km,94,1,70,1800000
*BOM HOMES* VINHOMES CENTRAL PARK- LUXURY APARTMENT,hochiminh,3500,km,27,1,60,1350000
Vinhomes Central Park- Apartment,hochiminh,3500,km,85,1,120,2610000
LILA Hotel & Apartments Hung Gia 4,hochiminh,4500,km,87,1,35,789000
The Metropoles - Sy's Home,hochiminh,1800,km,100,1,55,1700000
Rivergate Residence - Near D1 - Ben Thanh - lux apartment,hochiminh,1000,km,50,1,30,920000
Sense House,hochiminh,500,km,47,1,35,585000
HHomes - Luxury 2 Bedroom view Park at Masteri Thao Dien District 2 - Tower 4,hochiminh,6100,km,80,1,70,1290000
Charming Living - Sailing Apartments,hochiminh,1000,km,97,1,80,3000000
"RIVER PANORAMA 2BEDROOM LUXURY, INFINITY POOL",hochiminh,7800,km,100,1,68,1150000
Cozrum Homes Delightful Corner,hochiminh,1800,km,80,1,25,952130
The Golden Paris,hochiminh,3800,km,100,1,87,1161709
Ngan Ha 2 Apartment,hochiminh,4400,km,91,1,35,900000
Vinhomes Central Park 1 bedrooms,hochiminh,3500,km,57,1,50,1260000
"Rivergate Residence - Goby Home - Lux apartment, near Ben Thanh",hochiminh,1000,km,68,1,30,900000
PREMIER RESIDENCES LANDMARK 81,hochiminh,3700,km,91,1,53,2790000
BOUTIQUE UNIQUE LANDMARK 81 Vinhomes Central Park,hochiminh,3700,km,92,1,55,2970000
Lovely Apartment Goldview Ben Van Don,hochiminh,1800,km,88,1,70,1300000
H?hi house homestay,hochiminh,1500,km,90,1,30,720000
Rivergate Residence 3 bedroom/luxurious apartment,hochiminh,1000,km,85,1,99,2150000
Your Saigon Home,hochiminh,3700,km,85,1,55,1200000
Tommy Home in Soho - 1 Bed Studio City view Condo in Saigon center,hochiminh,1000,km,100,1,36,1260000
THE LANDMARK 81-VINHOMES LUXURY,hochiminh,3900,km,67,1,55,1800000
Deluxe 3br Apartment- Vinhomes Central Park,hochiminh,3500,km,97,1,111,2780000
Luxury Gold Apartment: Royal 86,hochiminh,800,km,63,1,110,2500000
LANDMARK 81 UNIQUE Condotel,hochiminh,3700,km,97,1,53,2970000
*BOM HOMES* MASTERI MILLENNIUM APARTMENT,hochiminh,900,km,37,1,55,1260000
HHomes - Peaceful 2 Bedroom with Pool GYM BBQ at Masteri Thao Dien - Tower 1,hochiminh,5900,km,100,1,70,1390000
ICONIC Apartment Landmark 81 VINHOMES CENTRAL PARK,hochiminh,3700,km,96,1,55,2700000
C?n h? Vinhome Central Park - TJ32 Apartment,hochiminh,3600,km,70,1,72,1292000
Yu Stay Lux and Cozy 2Bedrs in Soho Residence near Bui Vien walking street,hochiminh,1000,km,97,1,60,2100000
Botanica Premier Apartment - near Tan Son Nhat airport - 5 minutes - Nice,hochiminh,5500,km,100,1,40,950000
C?n h? Vinhome Central Park-TJ Apartment,hochiminh,3500,km,92,1,76,1292000
Moka's House,hochiminh,1200,km,83,1,30,585000
VinHome Central Park,hochiminh,3500,km,100,1,40,1250000
C?n H? 2 PN R?ng ??p vinhomes Central Park landmark,hochiminh,3500,km,80,1,88,1600000
The Metropoles Luxury Apartment by Hospitality,hochiminh,1800,km,10,1,45,1900000
Lovely 1 bedroom Condo with pool ( Rivergate Q4 ),hochiminh,1000,km,93,1,35,900000
1 Bedroom Landmark Vinhomes Central Park,hochiminh,3600,km,92,1,55,1364000
Lovely studio_Millennium_Hana?s Aprt,hochiminh,900,km,68,1,45,850000
The River Gate,hochiminh,1100,km,100,1,27,978924
HHomes - Luxury 3 Bedroom RIVER view at Masteri Thao Dien District 2 - Tower 5,hochiminh,6000,km,90,1,100,1750000
C?n h? 2PN Moonlight Park View B?nh T?n,hochiminh,8900,km,30,1,80,576000
Midtown Premium Apartments,hochiminh,6000,km,83,1,89,3000000
"Botanica Premier, 2 bedrooms, 2 toilets luxury apartment nearby airport, free pool, free gym, bbq garden",hochiminh,5500,km,95,1,71,1350000
Scenic Valley Marvel,hochiminh,5000,km,73,1,77,1396500
"Luxurious apartment Icon 56, the best price",hochiminh,800,km,87,1,58,1100000
River Panorama 2Bedroom Kingbed infinity Pool,hochiminh,7800,km,88,1,65,1000000
SKYHOMES - Tan Son Nhat Airport Homestay,hochiminh,5200,km,75,1,36,750000
Apartment Sky Center Th?p A G?n S?n Bay T?n S?n Nh?t,hochiminh,5200,km,100,1,36,784000
Tabi's Home,hochiminh,300,m,88,1,50,1016500
Lily's Sweet Private House in City Center,hochiminh,300,m,53,1,28,583920
"INNSiDE Apartment - RiverGate Residence, Free GYM and POOL",hochiminh,1000,km,100,1,25,1078000
LANDMARK PLUS Central Park Vista,hochiminh,3500,km,94,1,54,2070000
Emerald Serviced Apartment,hochiminh,5000,km,88,1,25,831600
APARTMENT IMPERIAL PLACE,hochiminh,10500,km,54,1,60,442320
Saigon - NOTRE Maison 5 in Thao Dien,hochiminh,4900,km,87,1,42,746100
Scenic Valley Suite,hochiminh,5000,km,81,1,77,1375000
LANDMARK 81 Residence - VINHOMES CENTRAL PARK,hochiminh,3700,km,96,1,55,2880000
Rivergate Apartment,hochiminh,900,km,82,1,30,1120000
Bearshouse - Terra Royal,hochiminh,2400,km,96,1,58,1650000
Smile Home- Tresor - Cozy and spacious - Bitexco view,hochiminh,800,km,100,1,35,972000
The Regal Residences at Vinhomes Central Park,hochiminh,3500,km,97,1,55,2070000
Maison Royale,hochiminh,2400,km,95,1,25,520000
"Luxury apartment with swimming pool, BBQ, Gym",hochiminh,5900,km,100,1,75,1313000
The Manor Apartment Free Rooftop Pool _Very Center,hochiminh,3300,km,100,1,38,1300000
Republic Suites Ho Chi Minh City,hochiminh,5800,km,90,1,55,1599000
Amanaki Thao Dien,hochiminh,5300,km,89,1,35,1895400
Masteri Thao Dien,hochiminh,5600,km,95,1,60,1150000
Mini House - Homestay HCM Main Road,hochiminh,3900,km,90,1,30,450000
Tulipstay-Metropole Luxury Apartments,hochiminh,1800,km,100,1,55,1690000
Rivergate-Millenium-SaigonRoyals Haohomes Serviced Apartment and Condo,hochiminh,1000,km,99,1,32,950000
Apartment Sky Center Th?p A G?n S?n Bay T?n S?n Nh?t,hochiminh,5200,km,100,1,36,784000
C?n h? ??p ??y ?? ti?n nghi t?i Qu?n 10,hochiminh,3700,km,90,1,22,585000
Lily's Sweet Private House in City Center,hochiminh,300,m,53,1,28,583920
Sens House Saigon - Vinhomes Central Park,hochiminh,3600,km,100,1,55,1741500
C?n h? ??p ??y ?? ti?n nghi t?i Qu?n 10,hochiminh,3700,km,90,1,22,585000
Rivergate-Millenium-SaigonRoyals Haohomes Serviced Apartment and Condo,hochiminh,1000,km,99,1,32,950000
The Regal Residences at Vinhomes Central Park,hochiminh,3500,km,97,2,55,2070000
Viet's Serviced Apartment,hochiminh,3500,km,90,2,51,1190000
Metropolitan Apartments - Vinhomes Central Park,hochiminh,3500,km,90,2,60,1235000
C?N H? CAO C?P VINHOME CENTRAL PARK T?N C?NG,hochiminh,3600,km,10,2,60,2400000
"Vinhomes Central Park, 1 bedroom",hochiminh,3500,km,100,2,49,1500000
"Luxury apartment with swimming pool, BBQ, Gym",hochiminh,5900,km,100,2,68,1313000
"C?n h? 3 ph?ng ng? - To? nh? Landmark4, t?ng 48, c?n 08",hochiminh,3600,km,70,2,109,3120000
GV-S1/Gold View/2Bed/1Bath/Free Pool & Gym,hochiminh,1800,km,100,2,70,1600000
C?n H? Vinhomes Landmark 5- Mini Penthouse,hochiminh,3800,km,45,2,82,1700000
NEW LAND Apartment - 3 Thang 2,hochiminh,4900,km,75,2,18,440000
Yu Stay Superior Lux Japan Standard Condotel Beautiful view centre D1,hochiminh,1000,km,90,2,60,1995000
Vinhomes Central Park 2 Capitalland,hochiminh,3500,km,43,2,56,1401250
Tommy Home in Tresor - 2 Bedrooms Luxury River view Condo next to District 1,hochiminh,800,km,90,2,86,1822500
Villa Paris 86 - 86 Group,hochiminh,5400,km,70,2,600,10000000
Homestay saigon - wood room 2,hochiminh,9200,km,70,2,20,299250
HHomes - Luxury 2 Bedroom with Pool GYM BBQ at Masteri Thao Dien - T1,hochiminh,5700,km,50,2,70,1290000
Happy Dream Condotel _ Infinity edge pool and nice view,hochiminh,1000,km,70,2,30,1080000
Yu Stay Green Premium Luxury 2bedrooms Condotel in D1 near Bui Vien Street,hochiminh,1000,km,100,2,60,1995000
Vinhomes Landmark,hochiminh,3500,km,10,2,52,1260000
Thu? Sky,hochiminh,5200,km,90,2,40,790000
Vinhomes Luxstay Apartment OM,hochiminh,3500,km,90,2,56,1800000
Two-Bed Homestay Near The Airport,hochiminh,5100,km,66,2,48,950000
Masteri 2 bedrooms apartment for rent,hochiminh,5600,km,10,2,65,1282500
1 bed studio condo in the center near Bui Vien,hochiminh,1000,km,80,2,31,1150000
Scenic Valley Condotel - Ph? M? H?ng,hochiminh,5100,km,100,2,75,1700000
Vinhome Central Park apartment - T?n C?ng RB,hochiminh,3600,km,10,2,53,960000
"Vinhome central park , landmark 1",hochiminh,3700,km,93,2,96,2550000
C?n h? Cao c?p Trung t?m Q1,hochiminh,2500,km,20,2,35,675000
Riverside house Qu?n Ph? Nhu?n 1,hochiminh,4000,km,90,2,30,850000
Hani's Premium APT/ML1/2Bed/2Bath/Free Pool&Gym,hochiminh,1800,km,87,2,90,1600000
HHomes Luxury 1 Bedroom view Bikini at Masteri Thao Dien District 2 - Tower 3,hochiminh,5900,km,98,2,50,1120000
C?n h? cao c?p vinhome central park,hochiminh,3500,km,80,2,56,990000
The Peony Apartment,hochiminh,1200,km,10,2,35,780000
TAT River Gate apartment - infinity pool signature,hochiminh,1000,km,100,2,28,1800000
"Homestay Qu?n 1 - Cozy, Peaceful & Chill",hochiminh,2600,km,83,2,33,696150
The Tresor Apartment Free Pool & Gym,hochiminh,800,km,87,2,35,1170000
Gold View APT1/2bed/2bath/free pool and Gym,hochiminh,1800,km,10,2,82,1600000
Landmark 81 Luxury Sai Gon,hochiminh,3500,km,40,2,55,1800000
Sunrise City 3 Bed Room Full Furniture,hochiminh,3200,km,77,2,120,2400000
Vinhomes Kevin Tran Luxury Apartment,hochiminh,3500,km,100,2,55,1260000
Rivergate Residence canal view studio w free pool,hochiminh,1000,km,60,2,30,830000
C?n h? Vinhome Central park - TJ42 Apartment,hochiminh,3500,km,43,2,72,1400000
"Gold View APT 346 Ben Van Don, Phuong 1, Qaun 4",hochiminh,1800,km,70,2,80,1600000
Vinhome Central Park apartment - RB1,hochiminh,3500,km,10,2,54,950000
Cozrum Homes Citi Town,hochiminh,1500,km,74,2,29,997592
SCENIC VALLEY APARTMENT AT PHU MY HUNG NEAR EXPO SECC,hochiminh,4900,km,88,2,80,1500000
*BOM HOMES* VINHOMES CENTRAL PARK- LUXURY APARTMENT,hochiminh,3500,km,27,2,60,1350000
Tommy Home 2Bedroom 86m2 in Royal Residence,hochiminh,800,km,100,2,60,2090000
Masteri Thao Dien,hochiminh,5600,km,95,2,60,1150000
Sunrise City - 1 Bed Room - Full Furniture - City View,hochiminh,3200,km,100,2,80,1450000
C?n H? Vinhomes Landmark Plus *View ??p C? B?n T?m N?m,hochiminh,3500,km,100,2,54,1400000
Cozrum Homes L? Ch?nh Th?ng,hochiminh,2400,km,84,2,27,886455
Lalahouse Masteri Thao Dien 1PN 60m2,hochiminh,5700,km,70,2,62,1071000
LILA Hotel & Apartments Hung Gia 4,hochiminh,4500,km,87,2,30,789000
Sinh House,hochiminh,800,km,85,2,28,988000
Holiday Republic Saigon Airport,hochiminh,5800,km,70,2,50,2940000
HHomes - Luxury 2 Bedroom view Park at Masteri Thao Dien District 2 - Tower 4,hochiminh,6100,km,80,2,70,1290000
GoDa Apartment - SaiGon Rivergate Rooftop Pool,hochiminh,1000,km,86,2,31,900000
C?n H? Vinhomes Central Park to? Landmark- 1 Ph?ng Ng?,hochiminh,3900,km,90,2,54,1300000
Sai Gon 1979 Hotel,hochiminh,1100,km,81,2,28,850000
The Golden Paris,hochiminh,3800,km,100,2,87,1239157
Luxury Gold Apartment: Royal 86,hochiminh,800,km,63,2,110,2500000
Tabi's Home,hochiminh,300,m,88,2,50,914850
Rivergate Residence - MM Home,hochiminh,900,km,78,2,30,1040000
Ngan Ha 2 Apartment,hochiminh,4400,km,91,2,35,1000000
RIVIERA POINT Condo in Ph? M? H?ng#River View#SECC#D7,hochiminh,5600,km,100,2,95,2025000
THE TRESOR Apartment Free Gym Pool,hochiminh,800,km,94,2,70,1800000
Luxury The MarQ Saigon Apartment,hochiminh,1700,km,97,2,50,2385000
The Maze,hochiminh,300,m,77,2,50,1611900
Luxury Apartment in Masteri Thao Dien District 2,hochiminh,5800,km,100,2,71,1500000
"RIVER PANORAMA 2BEDROOM LUXURY, INFINITY POOL",hochiminh,7800,km,100,2,68,1150000
Saigon Royal Luxury Apartment Free Gym&Pool,hochiminh,800,km,96,2,88,2000000
Lovely Apartment Goldview Ben Van Don,hochiminh,1800,km,88,2,70,1300000
The Lovenote Home,hochiminh,2300,km,90,2,15,580000
C?n H? Vinhomes 2 Ph?ng Ng? Landmark Plus- View ??p*** C? B?n T?m,hochiminh,3800,km,75,2,82,1700000
The Metropoles - Sy's Home,hochiminh,1800,km,100,2,55,1700000
Convinia Apartment,hochiminh,4900,km,98,2,70,2880000
Tulipstay-Metropole Luxury Apartments,hochiminh,1800,km,100,2,55,1690000
H?hi house homestay,hochiminh,1500,km,90,2,30,720000
C?n h? Vinhome Central Park - TJ32 Apartment,hochiminh,3600,km,70,2,72,1305600
Lovely studio_Millennium_Hana?s Aprt,hochiminh,900,km,68,2,45,850000
Tommy Home in Soho - 1 Bed Studio City view Condo in Saigon center,hochiminh,1000,km,100,2,36,1260000
Deluxe 3br Apartment- Vinhomes Central Park,hochiminh,3500,km,97,2,111,2780000
Lovely 1 bedroom Condo with pool ( Rivergate Q4 ),hochiminh,1000,km,93,2,35,900000
Your Saigon Home,hochiminh,3700,km,85,2,55,1200000
Moka's House,hochiminh,1200,km,83,2,30,585000
C?n h? 2PN Moonlight Park View B?nh T?n,hochiminh,8900,km,30,2,80,576000
Botanica Premier Apartment - near Tan Son Nhat airport - 5 minutes - Nice,hochiminh,5500,km,100,2,40,950000
*BOM HOMES* MASTERI MILLENNIUM APARTMENT,hochiminh,900,km,37,2,55,1260000
HHomes - Peaceful 2 Bedroom with Pool GYM BBQ at Masteri Thao Dien - Tower 1,hochiminh,5900,km,100,2,70,1390000
ICONIC Apartment Landmark 81 VINHOMES CENTRAL PARK,hochiminh,3700,km,96,2,55,2700000
The River Gate,hochiminh,1100,km,100,2,27,1009200
"Botanica Premier, 2 bedrooms, 2 toilets luxury apartment nearby airport, free pool, free gym, bbq garden",hochiminh,5500,km,95,2,71,1440000
HHomes - Luxury 3 Bedroom RIVER view at Masteri Thao Dien District 2 - Tower 5,hochiminh,6000,km,90,2,100,1750000
BOUTIQUE UNIQUE LANDMARK 81 Vinhomes Central Park,hochiminh,3700,km,92,2,55,2970000
"Luxurious apartment Icon 56, the best price",hochiminh,800,km,87,2,58,1100000
LANDMARK 81 RESIDENCE LA VAGUE,hochiminh,3700,km,97,2,53,2800000
LANDMARK 81 UNIQUE Condotel,hochiminh,3700,km,97,2,53,2970000
SKYHOMES - Tan Son Nhat Airport Homestay,hochiminh,5200,km,75,2,36,750000
1 Bedroom Landmark Vinhomes Central Park,hochiminh,3600,km,92,2,55,1364000
Vinhomes Central Park- Apartment,hochiminh,3500,km,85,2,120,2610000
Lily's Sweet Private House in City Center,hochiminh,300,m,53,2,28,583920
Scenic Valley Marvel,hochiminh,5000,km,73,2,77,1396500
Yu Stay Lux and Cozy 2Bedrs in Soho Residence near Bui Vien walking street,hochiminh,1000,km,97,2,60,2100000
River Panorama 2Bedroom Kingbed infinity Pool,hochiminh,7800,km,88,2,65,1000000
Landmark - Homes by Christine,hochiminh,2600,km,83,2,50,675000
LANDMARK PLUS Central Park Vista,hochiminh,3500,km,94,2,78,2700000
FeLi Home 2 - Peaceful House,hochiminh,3500,km,73,2,30,450000
The Metropoles Luxury Apartment by Hospitality,hochiminh,1800,km,10,2,45,1900000
APARTMENT IMPERIAL PLACE,hochiminh,10500,km,54,2,60,442320
Midtown Premium Apartments,hochiminh,6000,km,83,2,89,3000000
"INNSiDE Apartment - RiverGate Residence, Free GYM and POOL",hochiminh,1000,km,100,2,25,1100000
Apartment Sunrise City | T?m,hochiminh,3300,km,42,2,56,1600000
Apartment Sky Center Th?p A G?n S?n Bay T?n S?n Nh?t,hochiminh,5200,km,100,2,36,882000
Rivergate Apartment,hochiminh,900,km,82,2,30,1120000
Apartment GoldView Special Offer,hochiminh,1800,km,100,2,88,1522800
Smile Home- Tresor - Cozy and spacious - Bitexco view,hochiminh,800,km,100,2,35,1080000
Emerald Serviced Apartment,hochiminh,5000,km,88,2,25,831600
H Passion,hochiminh,14500,km,55,2,35,1700000
Midas Hotel,hochiminh,2800,km,86,2,20,747000
Scenic Valley Suite,hochiminh,5000,km,81,2,77,1375000
NU Luxury Saigon Apartment - The MarQ,hochiminh,1700,km,100,2,60,2000000
Maison Royale,hochiminh,2400,km,95,2,25,520000
LANDMARK 81 Residence - VINHOMES CENTRAL PARK,hochiminh,3700,km,96,2,55,2880000
Republic Suites Ho Chi Minh City,hochiminh,5800,km,90,2,55,1599000
Bearshouse - Terra Royal,hochiminh,2400,km,96,2,58,1650000
Mini House - Homestay HCM Main Road,hochiminh,3900,km,90,2,30,500000
"Luxury apartment with swimming pool, BBQ, Gym",hochiminh,5900,km,100,2,68,1313000
The Regal Residences at Vinhomes Central Park,hochiminh,3500,km,97,2,55,2070000
Masteri Thao Dien,hochiminh,5600,km,95,2,60,1150000
C?n h? ??p ??y ?? ti?n nghi t?i Qu?n 10,hochiminh,3700,km,90,2,22,650000
Rivergate-Millenium-SaigonRoyals Haohomes Serviced Apartment and Condo,hochiminh,1000,km,99,2,32,950000
Apartment Sky Center Th?p A G?n S?n Bay T?n S?n Nh?t,hochiminh,5200,km,100,2,36,882000
Lily's Sweet Private House in City Center,hochiminh,300,m,53,2,28,583920
Sens House Saigon - Vinhomes Central Park,hochiminh,3600,km,100,2,55,1741500
C?n h? ??p ??y ?? ti?n nghi t?i Qu?n 10,hochiminh,3700,km,90,2,22,650000
Rivergate-Millenium-SaigonRoyals Haohomes Serviced Apartment and Condo,hochiminh,1000,km,99,2,32,950000
"LUXURY APARTMENT VINHOME METROPOLIS next LOTTE Center,Japan Embassy",hanoi,3900,km,80,1,50,1800000
Bayhomes D'Capitale Luxury Apartment,hanoi,6500,km,100,1,30,891000
royal city- c?n h? 2 ph?ng ng? 2 wc,hanoi,4600,km,90,1,105,1900000
Layla House -2905 G3 Vinhomes Greenbay,hanoi,7700,km,100,1,26,900000
VinhomesRoyalCity#luxury#3bedrooms#2bathrooms,hanoi,4700,km,85,1,120,2450000
Sunny Vinhome D'Capital Apartment,hanoi,6400,km,100,1,40,1099000
vinhomes skylake 2 ph?ng ng?,hanoi,7600,km,90,1,66,1620000
Troy House - Vinhomes Dcapitale - Cau Giay,hanoi,6500,km,65,1,38,1100000
"FSB Homestay - Vinhomes Sky Lake, Ph?m H?ng, C?u Gi?y, H? N?i",hanoi,7400,km,90,1,55,1539000
Timescity homestay - Hai B? Tr?ng - Happyhouse,hanoi,4100,km,95,1,56,1080000
Modern Apartment Vinhomes Skylake,hanoi,7300,km,10,1,70,1700000
YoLo Homestay Vinhomes Ocean Park - H? th?ng c?n h? ngh? d??ng,hanoi,10800,km,30,1,60,765000
Vinhomes Skylake Luxury Apartment 3 Br,hanoi,7400,km,50,1,97,2600000
C?n h? cao c?p t?i t?a Ruby Vinhome Ocean Park,hanoi,10100,km,40,1,45,680000
The Nine,hanoi,7600,km,97,1,80,1700000
HomeStay Luxury Vinhome Ocean Park,hanoi,9500,km,100,1,43,650000
Bayhomes Skylake Serviced Apartment,hanoi,7300,km,92,1,72,1458000
146 Tri?u Vi?t V??ng,hanoi,1500,km,80,1,55,671760
Tavernier Blue Luxury Apartment 2 ph?ng ng?,hanoi,1100,km,96,1,130,2200000
Sumitomo10 Apartments Dao Tan,hanoi,4600,km,96,1,50,900000
Paradise Home Royal City,hanoi,5700,km,100,1,90,1365000
Vinhomes Smart City View Hanoi,hanoi,12000,km,70,1,50,1100000
Sweet home- Timescity with most convenience,hanoi,4200,km,100,1,53,760500
U Home - 3BR Apartment at Vinhomes Skylake Ph?m H?ng near Keangnam,hanoi,7400,km,93,1,110,2375000
Lunetta Serviced Apartment,hanoi,8600,km,90,1,110,1899050
Ber's Home - French vibe on the side of Hanoi Old Town,hanoi,1300,km,100,1,60,1944000
Vinhomes Times City and Parkhill Premium Apartment,hanoi,4000,km,98,1,53,1300000
Hidden Jungle - NETFLIX/ Open area/ Airport pickup,hanoi,2200,km,90,1,98,1146600
HD HOMESTAY,hanoi,9900,km,100,1,55,640000
Layla House -2030 G3 Vinhomes Greenbay,hanoi,7700,km,100,1,26,800000
Vinhome Skylake apartment 1,hanoi,7400,km,100,1,72,1300000
Vinhomes Royal City Apartment Hanoi,hanoi,4800,km,60,1,40,1500000
"Vinhomes Gardenia 16 H?m Nghi,M? ??nh,Nam T? Li?m",hanoi,9500,km,80,1,85,1757500
C?n h? Studio Vinhomes Greenbay cho thu?,hanoi,7700,km,85,1,30,700000
146 Trieu Viet Vuong street,hanoi,1800,km,100,1,65,839700
Vinhome Smart City T?y M? Nam T? Li?m H? N?i,hanoi,12200,km,10,1,30,760000
Paradise Home Mai Hac De,hanoi,1800,km,100,1,125,1680000
Vinhomes Green Bay M? Tr?,hanoi,7600,km,90,1,36,684000
Homestay X? ??n ??ng ?a,hanoi,2400,km,65,1,33,807500
HK Home 66B Tran Hung Dao Hoan Kiem Ha Noi,hanoi,800,km,60,1,35,635040
Vinhomes Royal City#R4#2bedroom#2bathroom,hanoi,4900,km,73,1,106,1440000
Lovely five-bedroom villa in Hanoi center,hanoi,6000,km,90,1,330,1950000
Vinhomes Royal City luxury serviced apartment,hanoi,4800,km,70,1,106,1673989
Vinhomes Greenbay M? Tr? Nam T? Li?m H? N?i,hanoi,7500,km,92,1,28,880000
"NanaHousing-Vinhomes Skylake,Luxury Apartment,near Keangnam",hanoi,7400,km,100,1,70,1871500
JERRY HOUSE #Cho thu? c?n h? Studio cao c?p t?i G3 Vinhomes Greenbay,hanoi,7800,km,95,1,30,700000
Vinhomes D'Capitale - Luka homes,hanoi,6400,km,100,1,40,1000000
LaLi Home,hanoi,46600,km,85,1,140,8500000
Homestay Vinhomes Metropolis 304 Kim M? Ba ??nh H? N?i,hanoi,3900,km,100,1,55,1804050
Sweet homes,hanoi,7700,km,10,1,30,720000
Greenbay,hanoi,7800,km,90,1,30,688750
"SIEUKHUYENMAI! Lotus Homestay t?i H? G??m, Ph? C?, L?ng B?c, H? T?y- Old Quarter, Uncle Ho's Mausoleum, West Lake-??????????",hanoi,450,m,60,1,30,684000
Syrena Building,hanoi,1600,km,90,1,55,900000
Candy House,hanoi,7700,km,90,1,30,648000
Jun Homestay View VinUni Vinhomes Ocean Park,hanoi,10300,km,97,1,43,585000
AimeeHouse - TranHungDao - HoanKiem,hanoi,1000,km,100,1,70,1250000
Red Building Hanoi,hanoi,1700,km,80,1,40,729000
Chez Tram Homestay,hanoi,2300,km,89,1,30,600000
"C?n h? t?ng 4 thang b? ??y ?? ti?n nghi, gi? r?",hanoi,5300,km,100,1,40,332120
Sen Hotel My Dinh Song Da ??,hanoi,7900,km,66,1,35,807500
"VILLATEL VILLA 4 bedrooms, 5wc",hanoi,29000,km,80,1,170,6240000
Sumitomo9 Apartment & Hotel (7/26/58 ??o T?n),hanoi,4700,km,90,1,60,1000000
Hong Ha Homestay,hanoi,2600,km,100,1,40,540000
Thiec House,hanoi,800,km,82,1,120,2240280
Orange,hanoi,6300,km,50,1,46,900000
Sweet homes,hanoi,7700,km,25,1,30,648000
H2studio homestay check in t? ??ng,hanoi,4400,km,65,1,20,360000
Vinhomes Royal City 72 Nguy?n Tr?i Thanh Xu?n H? N?i,hanoi,6600,km,74,1,50,1520000
Allen's house,hanoi,3000,km,90,1,80,1980000
Homestay Vinhomes Dcapital 119 Tr?n Duy H?ng C?u Gi?y,hanoi,6400,km,100,1,38,1092500
Ber's Home - Stunning apartments nearby Hanoi train station,hanoi,1400,km,55,1,45,960000
"FSB Homestay - Vinhomes Royal City, 72 Nguy?n Tr?i, Thanh Xu?n, H? N?i",hanoi,4800,km,100,1,55,1539000
KemKayVilla w 5BR_ Bathtub_RooftopViews_30s to HoanKiem Lake,hanoi,600,km,100,1,200,2596800
CL?Charming Studio Apt?BALCONY/Laundry?Van Mieu,hanoi,2500,km,90,1,40,560000
Vinhomes D'Capital - 119 Tr?n Duy H?ng-Trung Ho?-C?u Gi?y,hanoi,6400,km,92,1,50,1519050
Paradise Home Ton Duc Thang,hanoi,2400,km,97,1,35,630000
22housing Hotel & Residence 81 Linh Lang,hanoi,4400,km,77,1,40,809100
Paradise Home Luxury Apartment Tu Hoa,hanoi,4100,km,87,1,65,759000
Monaco Building Double Queen Bedroom,hanoi,7700,km,73,1,96,1100000
HB Housing TNV,hanoi,5400,km,77,1,80,800000
the second home of yours,hanoi,2800,km,95,1,30,570000
TA Hotel & Apartment,hanoi,2600,km,60,1,20,600000
Michi house 8 C?n h? trung t?m ph? c?.!,hanoi,900,km,70,1,180,1120000
Sumitomo 48 Dao Tan for Japanese,hanoi,4500,km,90,1,60,873000
Nest House 1,hanoi,600,km,100,1,40,585000
Michi House 5,hanoi,2200,km,75,1,40,414000
"Investland- Vinhomes Metropolis one, two, three bedrooms",hanoi,4000,km,90,1,50,1392435
Nh? Nh? Ng?c/NN serviced apartment,hanoi,4200,km,90,1,25,441600
MeLy Homes,hanoi,7700,km,90,1,30,495000
BOM HOMES- VINHOMES GREENBAY- Service Apartment,hanoi,6800,km,67,1,35,855000
Fourteen ?i!,hanoi,4600,km,92,1,20,460000
Ur Hanoi Serviced Apartment - The Zei My Dinh,hanoi,8600,km,63,1,90,1395000
Vinhomes Metropolis Residence,hanoi,3900,km,100,1,75,1440000
Granda Quan Hoa Apartment,hanoi,4900,km,88,1,43,585000
Sunny Vinhome Metropolis Apartment,hanoi,3800,km,87,1,55,1990000
Linh Homestay,hanoi,6500,km,95,1,50,1142964
Kim Long Apartment,hanoi,800,km,100,1,35,1300000
Nexy Living,hanoi,600,km,80,1,20,900000
Sweet home- Timescity with most convenience,hanoi,4200,km,100,1,53,760500
Vincom Plaza Vinhomes Sky Lake Ph?m H?ng M? ??nh,hanoi,7500,km,100,1,50,1567500
Nest House 1,hanoi,600,km,100,1,40,585000
Paradise Home Luxury Apartment Tu Hoa,hanoi,4100,km,87,1,65,759000
CL?Charming Studio Apt?BALCONY/Laundry?Van Mieu,hanoi,2500,km,90,1,40,560000
22housing Vinhomes Metropolis Hotel & Residence,hanoi,3900,km,78,1,75,1530000
Vincom Plaza Vinhomes Sky Lake Ph?m H?ng M? ??nh,hanoi,7500,km,100,1,50,1567500
VinhomesRoyalCity#luxury#2bedrooms#2bathrooms,hanoi,4700,km,90,2,115,2200000
Layla House -2905 G3 Vinhomes Greenbay,hanoi,7700,km,100,2,26,900000
VinhomesRoyalCity#luxury#3bedrooms#2bathrooms,hanoi,4700,km,85,2,120,2450000
Bayhomes Green Bay Serviced Apartment,hanoi,7800,km,90,2,30,1134000
YoLo Homestay Vinhomes Ocean Park - H? th?ng c?n h? ngh? d??ng,hanoi,10800,km,30,2,60,765000
royal city- c?n h? 2 ph?ng ng? 2 wc,hanoi,4600,km,90,2,105,1900000
NYNA House - Rooftop - Sky View - Egg Coffee Class,hanoi,3800,km,70,2,55,1162800
Bayhomes D'Capitale Luxury Apartment,hanoi,6500,km,100,2,30,891000
"LUXURY APARTMENT VINHOME METROPOLIS next LOTTE Center,Japan Embassy",hanoi,3900,km,80,2,50,1800000
Full House - The Matrix One,hanoi,8400,km,90,2,88,2375000
C?n h? cao c?p t?i t?a Ruby Vinhome Ocean Park,hanoi,10100,km,40,2,45,680000
vinhomes skylake 2 ph?ng ng?,hanoi,7600,km,90,2,66,1800000
Vinhomes Metropolis-304 Kim M?- Sunhouseland,hanoi,3900,km,100,2,55,1709050
Vinhomes Dcapitale Tr?n Duy H?ng c?n h? cao c?p Mint Home 3BR,hanoi,6400,km,60,2,95,1950000
L'Amour homestay To? s216,hanoi,10200,km,93,2,74,959200
Hidden Jungle - NETFLIX/ Open area/ Airport pickup,hanoi,2200,km,90,2,98,1274000
Timescity homestay - Hai B? Tr?ng - Happyhouse,hanoi,4100,km,95,2,56,1080000
HomeFromHome D'capitale Serviced Apartments,hanoi,6400,km,100,2,85,1352000
Ber's Home - French vibe on the side of Hanoi Old Town,hanoi,1300,km,100,2,60,1944000
HomeStay Luxury Vinhome Ocean Park,hanoi,9500,km,100,2,43,650000
Vinhomes Skylake Luxury Apartment 3 Br,hanoi,7400,km,50,2,97,2600000
Sumitomo10 Apartments Dao Tan,hanoi,4600,km,96,2,50,1000000
Mint Home Vinhomes Dcapital Tran Duy Hung Luxury Apartment,hanoi,6400,km,90,2,72,1650000
Vinhomes Smart City View Hanoi,hanoi,12000,km,70,2,50,1100000
Liti homestay 1,hanoi,4800,km,75,2,38,500000
HK Home 66B Tran Hung Dao Hoan Kiem Ha Noi,hanoi,800,km,60,2,35,648000
C?n h? Studio Vinhomes Greenbay cho thu?,hanoi,7700,km,85,2,30,700000
146 Trieu Viet Vuong street,hanoi,1800,km,100,2,65,933000
CL?Charming Studio Apt?BALCONY/Laundry?Van Mieu,hanoi,2500,km,90,2,40,560000
Homestay X? ??n ??ng ?a,hanoi,2400,km,65,2,33,807500
Vinhomes Green Bay M? Tr?,hanoi,7600,km,90,2,36,760000
Vinhomes Apartment Hanoi - CitiHome NCT,hanoi,4500,km,80,2,136,2511000
Vinhomes Royal City#R4#2bedroom#2bathroom,hanoi,4900,km,73,2,106,1440000
Vinhomes Royal City Apartment Hanoi,hanoi,4800,km,60,2,40,1500000
Paradise Home Royal City,hanoi,5700,km,100,2,90,1365000
"Vinhomes Gardenia 16 H?m Nghi,M? ??nh,Nam T? Li?m",hanoi,9500,km,80,2,85,1757500
KN HOLIDAY APARTMENT D'CAPITALE HANOI,hanoi,6600,km,100,2,79,1399999
"C?n h? t?ng 4 thang b? ??y ?? ti?n nghi, gi? r?",hanoi,5300,km,100,2,40,349600
U Home - 3BR Apartment at Vinhomes Skylake Ph?m H?ng near Keangnam,hanoi,7400,km,93,2,110,2375000
Red Building Hanoi,hanoi,1700,km,80,2,40,810000
Vinhome Skylake apartment 1,hanoi,7400,km,100,2,72,1300000
Nest House 1,hanoi,600,km,100,2,40,650000
JERRY HOUSE #Cho thu? c?n h? Studio cao c?p t?i G3 Vinhomes Greenbay,hanoi,7800,km,95,2,30,700000
AimeeHouse - TranHungDao - HoanKiem,hanoi,1000,km,100,2,70,1250000
"SIEUKHUYENMAI! Lotus Homestay t?i H? G??m, Ph? C?, L?ng B?c, H? T?y- Old Quarter, Uncle Ho's Mausoleum, West Lake-??????????",hanoi,450,m,60,2,30,760000
Candy House,hanoi,7700,km,90,2,30,720000
Asahi Luxstay - FLC Green Home Pham Hung 2Br Apartment,hanoi,7600,km,87,2,60,1485000
Sweet homes,hanoi,7700,km,10,2,30,800000
JERRY HOUSE #Luxury Apartment For Rent in G3 Building Vinhomes Greenbay,hanoi,7700,km,100,2,30,800000
Jun Homestay View VinUni Vinhomes Ocean Park,hanoi,10300,km,97,2,43,617500
Tavernier Blue Luxury Apartment 2 ph?ng ng?,hanoi,1100,km,96,2,130,2200000
Lovely five-bedroom villa in Hanoi center,hanoi,6000,km,90,2,330,3000000
H2studio homestay check in t? ??ng,hanoi,4400,km,65,2,20,400000
Vinhomes Metropolis Serviced Apartment,hanoi,3900,km,100,2,50,2000000
Sen Hotel My Dinh Song Da ??,hanoi,7900,km,66,2,35,807500
Paradise Home Mai Hac De,hanoi,1800,km,100,2,125,1680000
Greenbay,hanoi,7800,km,90,2,30,688750
Hong Ha Homestay,hanoi,2600,km,100,2,40,600000
Sweet homes,hanoi,7700,km,25,2,30,684000
Homestay Vinhomes Metropolis 304 Kim M? Ba ??nh H? N?i,hanoi,3900,km,100,2,55,1804050
Minasi Home- Westlake,hanoi,3300,km,90,2,40,956250
"NanaHousing-Vinhomes Skylake,Luxury Apartment,near Keangnam",hanoi,7400,km,100,2,70,1871500
Paradise Home Luxury Apartment Tu Hoa,hanoi,4100,km,87,2,65,759000
Orange,hanoi,6300,km,50,2,46,900000
"VILLATEL VILLA 4 bedrooms, 5wc",hanoi,29000,km,80,2,170,6240000
Sumitomo9 Apartment & Hotel (7/26/58 ??o T?n),hanoi,4700,km,90,2,60,1000000
Troy House - D'Leroi Soleil - 59 Xuan Dieu,hanoi,4900,km,100,2,88,1800000
Vinhomes Royal City 72 Nguy?n Tr?i Thanh Xu?n H? N?i,hanoi,6600,km,74,2,50,1520000
TA Hotel & Apartment,hanoi,2600,km,60,2,20,600000
22housing Hotel & Residence 81 Linh Lang,hanoi,4400,km,77,2,40,809100
Paradise Home Trinh Cong Son,hanoi,6500,km,87,2,70,980000
Michi House 5,hanoi,2200,km,75,2,40,460000
Michi house 8 C?n h? trung t?m ph? c?.!,hanoi,900,km,70,2,180,1120000
Paradise Home Ton Duc Thang,hanoi,2400,km,97,2,35,630000
Allen's house,hanoi,3000,km,90,2,80,1980000
the second home of yours,hanoi,2800,km,95,2,30,570000
Vinhomes D'Capital - 119 Tr?n Duy H?ng-Trung Ho?-C?u Gi?y,hanoi,6400,km,92,2,50,1519050
Monaco Building Double Queen Bedroom,hanoi,7700,km,73,2,96,1100000
May Residence,hanoi,1200,km,98,2,65,950000
Mango Apartment (Hanoi Railway Station),hanoi,1100,km,90,2,80,1200000
Nh? Nh? Ng?c/NN serviced apartment,hanoi,4200,km,90,2,25,456000
Guest House Anh Ngoc,hanoi,250,m,85,2,40,680000
Studio @ Dcapitale 119 Tran Duy Hung,hanoi,6400,km,100,2,40,850000
MeLy Homes,hanoi,7700,km,90,2,30,550000
BOM HOMES- VINHOMES GREENBAY- Service Apartment,hanoi,6800,km,67,2,35,855000
Sumitomo 48 Dao Tan for Japanese,hanoi,4500,km,90,2,60,873000
Lancaster Apartment Hanoi - CitiHome,hanoi,3000,km,95,2,48,1170000
KemKayVilla w 5BR_ Bathtub_RooftopViews_30s to HoanKiem Lake,hanoi,600,km,100,2,200,2596800
Vinhomes Metropolis Residence,hanoi,3900,km,100,2,75,1530000
Sunny Vinhome Metropolis Apartment,hanoi,3800,km,87,2,55,1990000
Granda Quan Hoa Apartment,hanoi,4900,km,88,2,43,650000
Nexy Living,hanoi,600,km,80,2,20,900000
Linh Homestay,hanoi,6500,km,95,2,50,1269960
Kim Long Apartment,hanoi,800,km,100,2,35,1300000
CL?Charming Studio Apt?BALCONY/Laundry?Van Mieu,hanoi,2500,km,90,2,40,560000
Paradise Home Luxury Apartment Tu Hoa,hanoi,4100,km,87,2,65,759000
Vinhomes Metropolis Serviced Apartment,hanoi,3900,km,100,2,50,2000000
Nest House 1,hanoi,600,km,100,2,40,650000
Vincom Plaza Vinhomes Sky Lake Ph?m H?ng M? ??nh,hanoi,7500,km,100,2,50,1567500
Vincom Plaza Vinhomes Sky Lake Ph?m H?ng M? ??nh,hanoi,7500,km,100,2,50,1567500
22housing Vinhomes Metropolis Hotel & Residence,hanoi,3900,km,78,2,75,1530000
