hcm,hn,dn,dl,other,distance,rating,capacity,area,price
0,0,0,0,1,5600,1.89999998,1,30,480000
0,0,0,0,1,3300,7.9000001,1,90,742500
0,0,0,0,1,300,8.89999962,1,72,877500
0,0,0,0,1,3400,9.69999981,1,35,526500
0,0,0,0,1,500,9.80000019,1,150,2070000
0,0,0,0,1,700,8.19999981,1,30,500000
0,0,0,0,1,6100,10,1,20,675675
0,0,0,0,1,8700,8.60000038,1,23,700000
0,0,0,0,1,7100,9.39999962,1,55,921000
0,0,0,0,1,350,8.30000019,1,18,730000
0,0,0,0,1,5600,6.19999981,2,30,510000
0,0,0,0,1,300,8.89999962,2,72,936000
0,0,0,0,1,3400,9.69999981,2,35,585000
0,0,0,0,1,6100,10,2,20,675675
0,0,0,0,1,9000,7.5999999,2,25,1085000
0,0,0,0,1,8700,8.60000038,2,23,700000
0,0,0,0,1,7100,9.39999962,2,55,1161000
0,0,0,0,1,350,8.30000019,2,18,730000
0,0,0,1,0,1800,10,1,150,3385800
0,0,0,1,0,800,2.9000001,1,125,2500000
0,0,0,1,0,3000,5.5,1,56,2000000
0,0,0,1,0,1100,1.79999995,1,270,5000000
0,0,0,1,0,4700,9.10000038,1,400,3125500
0,0,0,1,0,500,8.60000038,1,40,2100000
0,0,0,1,0,2500,1,1,500,4495500
0,0,0,1,0,3200,10,1,250,5100000
0,0,0,1,0,1400,9.39999962,1,140,1296000
0,0,0,1,0,1300,8,1,300,1404000
0,0,0,1,0,300,10,1,100,4000000
0,0,0,1,0,3400,2.29999995,1,40,1530000
0,0,0,1,0,4000,8.30000019,1,30,3996000
0,0,0,1,0,1700,10,1,120,1008000
0,0,0,1,0,1400,6,1,280,1960000
0,0,0,1,0,12600,6.9000001,1,120,2800000
0,0,0,1,0,1500,9,1,225,4500000
0,0,0,1,0,1800,10,1,120,1800000
0,0,0,1,0,1300,9.5,1,87,2700000
0,0,0,1,0,1900,7.5999999,1,40,439200
0,0,0,1,0,2500,8.39999962,1,150,1600000
0,0,0,1,0,1500,9.30000019,1,250,3000000
0,0,0,1,0,2900,6.0999999,1,30,3960000
0,0,0,1,0,1600,4,1,300,3596400
0,0,0,1,0,2000,9,1,130,579600
0,0,0,1,0,1400,3.5,1,90,1732500
0,0,0,1,0,1800,9.69999981,1,100,1154250
0,0,0,1,0,1900,7.9000001,1,130,615600
0,0,0,1,0,10900,8,1,20,1610000
0,0,0,1,0,1100,3.29999995,1,120,2240000
0,0,0,1,0,2600,5.80000019,1,25,4195800
0,0,0,1,0,1000,6.9000001,1,120,2800000
0,0,0,1,0,2100,7.80000019,1,130,735300
0,0,0,1,0,2700,4.19999981,1,225,3325000
0,0,0,1,0,300,8.60000038,1,101,2700000
0,0,0,1,0,2900,6.5999999,1,280,2600000
0,0,0,1,0,1500,9.60000038,1,300,4275000
0,0,0,1,0,250,9.5,1,70,1800000
0,0,0,1,0,2800,4.80000019,1,300,1040000
0,0,0,1,0,2000,7.19999981,1,25,3500000
0,0,0,1,0,12200,1,1,300,4500000
0,0,0,1,0,1900,9.19999981,1,250,1100000
0,0,0,1,0,1500,4.5,1,300,1494000
0,0,0,1,0,1100,8,1,160,1462500
0,0,0,1,0,2100,10,1,200,1350000
0,0,0,1,0,2000,9.5,1,35,500000
0,0,0,1,0,2700,2.5,1,30,768000
0,0,0,1,0,2200,10,1,100,1656000
0,0,0,1,0,1700,8.19999981,1,18,1300000
0,0,0,1,0,1600,9,1,100,1674340
0,0,0,1,0,1400,8.80000019,1,400,2400000
0,0,0,1,0,1700,8.89999962,1,200,1008000
0,0,0,1,0,1600,10,1,40,552500
0,0,0,1,0,2300,7.69999981,1,99,1599000
0,0,0,1,0,1100,8.69999981,1,100,1193400
0,0,0,1,0,3100,9.69999981,1,400,2550000
0,0,0,1,0,1600,10,1,60,1539000
0,0,0,1,0,250,8.19999981,1,30,600000
0,0,0,1,0,350,8.39999962,1,25,1053000
0,0,0,1,0,1400,5.69999981,1,60,900000
0,0,0,1,0,8300,10,1,20,630000
0,0,0,1,0,1700,10,1,120,1200000
0,0,0,1,0,1300,9.19999981,1,25,360000
0,0,0,1,0,1300,10,1,40,1200000
0,0,0,1,0,2800,1,1,150,1000000
0,0,0,1,0,2800,8.80000019,1,30,720000
0,0,0,1,0,800,8,1,25,440000
0,0,0,1,0,800,9.39999962,1,160,1750000
0,0,0,1,0,700,10,1,25,959000
0,0,0,1,0,1200,2.4000001,1,192,1440000
0,0,0,1,0,2100,9,1,130,1101600
0,0,0,1,0,500,8.80000019,1,80,1980000
0,0,0,1,0,1400,9.39999962,1,150,2142000
0,0,0,1,0,2000,8.60000038,1,130,850500
0,0,0,1,0,2300,9.10000038,1,52,990000
0,0,0,1,0,2300,8.69999981,1,50,1222222
0,0,0,1,0,600,8.30000019,1,150,600000
0,0,0,1,0,2700,7.80000019,1,70,598500
0,0,0,1,0,700,3.70000005,1,75,921600
0,0,0,1,0,1300,10,1,300,1201200
0,0,0,1,0,1900,8.69999981,1,500,3800000
0,0,0,1,0,900,8.30000019,1,20,700000
0,0,0,1,0,600,2.79999995,1,150,1824000
0,0,0,1,0,2800,8,1,400,4499999
0,0,0,1,0,2100,9,1,132,1102500
0,0,0,1,0,1500,8.89999962,1,240,2850000
0,0,0,1,0,1600,8,1,33,1403000
0,0,0,1,0,1600,8.5,1,30,933333
0,0,0,1,0,2200,10,1,25,1980000
0,0,0,1,0,2800,9.10000038,1,30,450000
0,0,0,1,0,1500,4.9000001,1,130,665720
0,0,0,1,0,5300,8.19999981,1,35,1606500
0,0,0,1,0,1500,6.0999999,1,72,3150000
0,0,0,1,0,4200,8.30000019,1,50,741000
0,0,0,1,0,2100,8.60000038,1,134,697500
0,0,0,1,0,900,9.80000019,1,120,3325000
0,0,0,1,0,2200,8,1,26,648000
0,0,0,1,0,1400,10,1,200,4879000
0,0,0,1,0,1500,2.0999999,1,300,4270000
0,0,0,1,0,2100,8.69999981,1,130,561000
0,0,0,1,0,900,8.69999981,1,200,3328000
0,0,0,1,0,1200,3.5999999,1,70,1200000
0,0,0,1,0,1300,8.30000019,1,20,321750
0,0,0,1,0,2300,7,1,70,1820000
0,0,0,1,0,2100,9.39999962,1,100,2596500
0,0,0,1,0,300,7.9000001,1,40,1200000
0,0,0,1,0,1100,8.60000038,1,13,780000
0,0,0,1,0,4100,2.4000001,1,250,3200000
0,0,0,1,0,600,9,1,28,1629000
0,0,0,1,0,1400,9.5,1,50,1215000
0,0,0,1,0,1400,3.5999999,1,120,2300000
0,0,0,1,0,700,9.80000019,1,90,1215000
0,0,0,1,0,1700,9.89999962,1,70,2677860
0,0,0,1,0,2300,7,1,150,1680000
0,0,0,1,0,1400,10,1,210,971514
0,0,0,1,0,1000,5.0999999,1,20,750000
0,0,0,1,0,2200,8.69999981,1,100,1161945
0,0,0,1,0,2900,8.39999962,1,80,1168410
0,0,0,1,0,7800,7.9000001,1,20,500000
0,0,0,1,0,3000,7.9000001,1,45,1530000
0,0,0,1,0,3000,8.39999962,1,15,702000
0,0,0,1,0,1300,2.79999995,1,150,357500
0,0,0,1,0,2200,7.80000019,1,50,682500
0,0,0,1,0,400,4.0999999,1,10,680000
0,0,0,1,0,900,8,1,79,750000
0,0,0,1,0,1700,5.30000019,1,200,675000
0,0,0,1,0,150,8.30000019,1,17,939000
0,0,0,1,0,2800,8.80000019,2,30,720000
0,0,0,1,0,1000,5,2,100,1152000
0,0,0,1,0,1300,8,2,300,1404000
0,0,0,1,0,1900,2.29999995,2,130,684000
0,0,0,1,0,1800,10,2,150,3385800
0,0,0,1,0,4700,9.10000038,2,400,3125500
0,0,0,1,0,1500,9.30000019,2,250,3000000
0,0,0,1,0,1400,9.39999962,2,140,1296000
0,0,0,1,0,800,2.79999995,2,125,2500000
0,0,0,1,0,4000,5.5999999,2,30,3996000
0,0,0,1,0,3000,5.5,2,56,2000000
0,0,0,1,0,2900,5.19999981,2,30,3960000
0,0,0,1,0,10900,8,2,20,1610000
0,0,0,1,0,700,10,2,25,959000
0,0,0,1,0,1800,10,2,120,1800000
0,0,0,1,0,300,10,2,100,4000000
0,0,0,1,0,12600,7.19999981,2,120,2800000
0,0,0,1,0,1300,9.5,2,87,2700000
0,0,0,1,0,1100,10,2,220,1338750
0,0,0,1,0,3400,5.9000001,2,40,1530000
0,0,0,1,0,2500,8.69999981,2,150,1600000
0,0,0,1,0,1600,9.19999981,2,350,2500000
0,0,0,1,0,1100,5.4000001,2,270,5000000
0,0,0,1,0,1500,4.5,2,300,1494000
0,0,0,1,0,600,9,2,150,1425000
0,0,0,1,0,1000,1.79999995,2,120,2800000
0,0,0,1,0,1400,6,2,280,1960000
0,0,0,1,0,1400,4.19999981,2,90,1732500
0,0,0,1,0,1100,8,2,160,1575000
0,0,0,1,0,1100,5.9000001,2,120,2240000
0,0,0,1,0,1500,9,2,225,4500000
0,0,0,1,0,250,9.5,2,70,1800000
0,0,0,1,0,1600,2.5,2,300,3596400
0,0,0,1,0,1800,9.69999981,2,100,1154250
0,0,0,1,0,2700,3.5,2,225,3325000
0,0,0,1,0,1700,8.89999962,2,200,1008000
0,0,0,1,0,1100,8.69999981,2,100,1193400
0,0,0,1,0,1500,9.60000038,2,300,4275000
0,0,0,1,0,1600,10,2,60,1539000
0,0,0,1,0,2700,7.9000001,2,30,816000
0,0,0,1,0,1900,9.19999981,2,250,1100000
0,0,0,1,0,1600,9,2,100,1674340
0,0,0,1,0,2000,2.0999999,2,75,2240000
0,0,0,1,0,2600,2,2,25,4195800
0,0,0,1,0,1400,8.80000019,2,400,2400000
0,0,0,1,0,4100,3.5,2,250,3200000
0,0,0,1,0,800,8,2,25,440000
0,0,0,1,0,2700,7.4000001,2,15,952000
0,0,0,1,0,600,2.70000005,2,150,960000
0,0,0,1,0,1400,6.0999999,2,60,900000
0,0,0,1,0,1500,2,2,130,689928
0,0,0,1,0,250,8.19999981,2,30,600000
0,0,0,1,0,1400,6.5999999,2,120,2300000
0,0,0,1,0,2200,10,2,100,1656000
0,0,0,1,0,2100,10,2,200,1350000
0,0,0,1,0,12200,1,2,300,4500000
0,0,0,1,0,1700,8.19999981,2,18,1300000
0,0,0,1,0,300,8.60000038,2,101,2700000
0,0,0,1,0,2300,2.5,2,150,1680000
0,0,0,1,0,1700,10,2,120,1200000
0,0,0,1,0,2900,3.20000005,2,280,2600000
0,0,0,1,0,800,9.39999962,2,160,1750000
0,0,0,1,0,500,7.5999999,2,40,2100000
0,0,0,1,0,2800,1,2,150,1000000
0,0,0,1,0,2300,8.80000019,2,350,3672000
0,0,0,1,0,1100,8.60000038,2,13,780000
0,0,0,1,0,900,8.39999962,2,14,270000
0,0,0,1,0,500,8.80000019,2,80,1980000
0,0,0,1,0,1400,9.39999962,2,150,2142000
0,0,0,1,0,1500,8.89999962,2,240,2850000
0,0,0,1,0,2100,9,2,130,1134000
0,0,0,1,0,1200,6.69999981,2,70,1280000
0,0,0,1,0,700,9.10000038,2,75,979200
0,0,0,1,0,2000,8.60000038,2,130,972000
0,0,0,1,0,900,8.30000019,2,20,700000
0,0,0,1,0,1300,10,2,300,1570800
0,0,0,1,0,2300,9.10000038,2,52,990000
0,0,0,1,0,2200,8,2,26,720000
0,0,0,1,0,2100,9,2,132,1260000
0,0,0,1,0,2200,10,2,25,1980000
0,0,0,1,0,2100,8.60000038,2,134,775000
0,0,0,1,0,1900,7.5999999,2,500,3800000
0,0,0,1,0,2800,8,2,400,4499999
0,0,0,1,0,2800,9.10000038,2,30,450000
0,0,0,1,0,1600,8.5,2,30,933333
0,0,0,1,0,1600,8,2,33,1403000
0,0,0,1,0,350,8.5,2,30,804000
0,0,0,1,0,5300,8.19999981,2,35,1606500
0,0,0,1,0,900,9.80000019,2,120,3325000
0,0,0,1,0,1400,10,2,200,4879000
0,0,0,1,0,2200,8,2,250,1500000
0,0,0,1,0,1500,3,2,300,4270000
0,0,0,1,0,2100,8.69999981,2,130,816000
0,0,0,1,0,1200,5,2,192,1440000
0,0,0,1,0,1200,8.19999981,2,65,1336500
0,0,0,1,0,4200,3.5999999,2,50,798000
0,0,0,1,0,2000,9,2,130,630000
0,0,0,1,0,700,9.80000019,2,90,1296000
0,0,0,1,0,1400,9.5,2,50,1215000
0,0,0,1,0,2100,7.80000019,2,130,769500
0,0,0,1,0,400,3,2,10,748000
0,0,0,1,0,1300,9.19999981,2,25,360000
0,0,0,1,0,2000,9.5,2,35,500000
0,0,0,1,0,1700,9.89999962,2,70,2708640
0,0,0,1,0,2100,9.39999962,2,100,2641500
0,0,0,1,0,350,8.39999962,2,25,1053000
0,0,0,1,0,600,7.5,2,150,1824000
0,0,0,1,0,1500,2.29999995,2,72,3150000
0,0,0,1,0,900,8.69999981,2,200,3328000
0,0,0,1,0,1000,4.69999981,2,20,750000
0,0,0,1,0,1300,4.9000001,2,150,385000
0,0,0,1,0,2200,8.69999981,2,100,1161945
0,0,0,1,0,3000,7.19999981,2,45,1700000
0,0,0,1,0,2900,8.39999962,2,80,1168410
0,0,0,1,0,3000,5.19999981,2,15,756000
0,0,0,1,0,600,9,2,28,1674000
0,0,0,1,0,900,8,2,79,750000
0,0,0,1,0,1400,10,2,210,971514
0,0,0,1,0,1700,5.30000019,2,200,675000
0,0,0,1,0,7800,7.9000001,2,20,500000
0,0,0,1,0,2200,7.80000019,2,50,682500
0,0,0,1,0,2300,5.0999999,2,70,1820000
0,0,0,1,0,150,8.30000019,2,17,939000
0,0,1,0,0,2500,10,1,71,1000000
0,0,1,0,0,3000,9.69999981,1,35,400000
0,0,1,0,0,12400,2.5,1,90,4570110
0,0,1,0,0,12400,5,1,54,1520352
0,0,1,0,0,3400,7.9000001,1,70,2400000
0,0,1,0,0,3300,9.19999981,1,75,3420000
0,0,1,0,0,10000,6.80000019,1,300,7000000
0,0,1,0,0,3400,1.79999995,1,60,1800000
0,0,1,0,0,12400,2.79999995,1,70,1186788
0,0,1,0,0,3200,9,1,600,8280000
0,0,1,0,0,1000,8.5,1,270,5130000
0,0,1,0,0,2500,5.5999999,1,33,550000
0,0,1,0,0,2700,6.4000001,1,130,1576080
0,0,1,0,0,4700,7.4000001,1,200,3310750
0,0,1,0,0,5700,5.19999981,1,250,4968000
0,0,1,0,0,9600,9,1,90,2500000
0,0,1,0,0,12400,6.5,1,72,1575773
0,0,1,0,0,3200,6.30000019,1,270,2070000
0,0,1,0,0,9000,9,1,60,1600000
0,0,1,0,0,2300,9.5,1,65,645697
0,0,1,0,0,3200,3.29999995,1,70,4000000
0,0,1,0,0,2800,7.30000019,1,100,2700000
0,0,1,0,0,5700,6.0999999,1,400,22000000
0,0,1,0,0,5000,5.9000001,1,615,9818182
0,0,1,0,0,3000,8.30000019,1,100,2565000
0,0,1,0,0,3500,10,1,70,270000
0,0,1,0,0,2500,4,1,102,4165000
0,0,1,0,0,3000,9,1,130,3800000
0,0,1,0,0,12300,7.30000019,1,700,8000000
0,0,1,0,0,1400,8.80000019,1,30,741000
0,0,1,0,0,4900,7.69999981,1,516,11071125
0,0,1,0,0,4600,9.39999962,1,400,7200000
0,0,1,0,0,12300,5.80000019,1,700,6500000
0,0,1,0,0,12400,7,1,70,2000000
0,0,1,0,0,5000,6.69999981,1,515,14981357
0,0,1,0,0,11800,9.69999981,1,515,13940630
0,0,1,0,0,12400,9,1,90,1996583
0,0,1,0,0,1300,10,1,300,3847500
0,0,1,0,0,2500,8,1,33,550000
0,0,1,0,0,11800,5.0999999,1,600,6500000
0,0,1,0,0,4900,10,1,350,8500000
0,0,1,0,0,3400,4.69999981,1,67,1200000
0,0,1,0,0,12400,8.69999981,1,270,4370000
0,0,1,0,0,2700,3.29999995,1,310,4900000
0,0,1,0,0,2400,9.19999981,1,200,10200000
0,0,1,0,0,12300,6.5999999,1,200,11000000
0,0,1,0,0,12400,8.19999981,1,85,1748000
0,0,1,0,0,3900,9.30000019,1,45,801970
0,0,1,0,0,12300,3.4000001,1,40,6500000
0,0,1,0,0,2800,9.10000038,1,140,2065500
0,0,1,0,0,3400,2.70000005,1,65,1800000
0,0,1,0,0,3600,8.39999962,1,240,1093500
0,0,1,0,0,2700,8.60000038,1,150,5652500
0,0,1,0,0,12400,7.9000001,1,85,1496250
0,0,1,0,0,4300,2.20000005,1,400,10449000
0,0,1,0,0,4500,10,1,20,3000000
0,0,1,0,0,5000,8.60000038,1,400,11337662
0,0,1,0,0,11600,6.4000001,1,300,5250000
0,0,1,0,0,3300,1,1,75,720000
0,0,1,0,0,10000,7.4000001,1,105,4500000
0,0,1,0,0,3200,5.19999981,1,500,2480000
0,0,1,0,0,5100,8,1,40,1552500
0,0,1,0,0,3000,8,1,320,4000000
0,0,1,0,0,4900,5,1,200,3185000
0,0,1,0,0,11600,6,1,400,5500000
0,0,1,0,0,4600,3.5,1,330,12000000
0,0,1,0,0,2900,3.0999999,1,100,3150000
0,0,1,0,0,2500,1,1,134,1152000
0,0,1,0,0,3100,5.9000001,1,180,1550000
0,0,1,0,0,500,9.60000038,1,48,1003500
0,0,1,0,0,2800,10,1,700,16129032
0,0,1,0,0,3400,1.79999995,1,65,1100000
0,0,1,0,0,3600,9.69999981,1,40,800000
0,0,1,0,0,3400,2.0999999,1,60,780000
0,0,1,0,0,5000,10,1,400,13297577
0,0,1,0,0,3800,4.5,1,55,495720
0,0,1,0,0,5000,8.80000019,1,430,8000000
0,0,1,0,0,3400,7,1,70,1200000
0,0,1,0,0,4000,7.5999999,1,580,9702000
0,0,1,0,0,3400,8.69999981,1,50,799200
0,0,1,0,0,3400,6,1,60,1200000
0,0,1,0,0,3400,9,1,60,1300000
0,0,1,0,0,1700,4.9000001,1,650,3600000
0,0,1,0,0,3400,8.5,1,52,850000
0,0,1,0,0,3600,8.19999981,1,150,558600
0,0,1,0,0,7800,10,1,78,13723249
0,0,1,0,0,3400,8.30000019,1,68,1199000
0,0,1,0,0,1600,9.39999962,1,50,382500
0,0,1,0,0,5700,8,1,515,10534091
0,0,1,0,0,2700,10,1,700,17921148
0,0,1,0,0,3400,6.4000001,1,68,1078200
0,0,1,0,0,12400,6.4000001,1,980,17550000
0,0,1,0,0,3300,9.10000038,1,50,769774
0,0,1,0,0,1300,4.69999981,1,63,1200000
0,0,1,0,0,3000,9.19999981,1,35,540000
0,0,1,0,0,11800,4.9000001,1,70,2500000
0,0,1,0,0,8400,9.30000019,1,45,1937500
0,0,1,0,0,2700,10,1,78,2422500
0,0,1,0,0,3300,2.0999999,1,45,480000
0,0,1,0,0,3400,7.30000019,1,70,855000
0,0,1,0,0,2800,9.30000019,1,35,1177000
0,0,1,0,0,3400,9.19999981,1,68,390000
0,0,1,0,0,3400,7.5,1,65,1600000
0,0,1,0,0,12300,5.9000001,1,416,5946703
0,0,1,0,0,1000,6,1,63,1045000
0,0,1,0,0,3400,1.79999995,1,66,1400000
0,0,1,0,0,2300,8.69999981,1,30,648000
0,0,1,0,0,2800,3.79999995,1,50,482400
0,0,1,0,0,4600,8,1,50,520000
0,0,1,0,0,10000,7.5,1,600,6750000
0,0,1,0,0,3400,4.30000019,1,69,1789000
0,0,1,0,0,3900,8.39999962,1,32,586625
0,0,1,0,0,3400,10,1,50,720000
0,0,1,0,0,2100,9.10000038,1,20,467500
0,0,1,0,0,3200,9.39999962,1,40,831060
0,0,1,0,0,2900,6.9000001,1,102,1296000
0,0,1,0,0,5000,8.80000019,1,450,6500000
0,0,1,0,0,5000,5,1,400,9000000
0,0,1,0,0,2600,9.10000038,1,30,559000
0,0,1,0,0,3400,5.9000001,1,52,850000
0,0,1,0,0,2700,9,1,50,540000
0,0,1,0,0,3300,9.5,1,35,300000
0,0,1,0,0,3300,6.69999981,1,480,2200000
0,0,1,0,0,3000,7.9000001,1,55,1975050
0,0,1,0,0,12300,4,1,500,7628750
0,0,1,0,0,2600,6.5,1,35,1125000
0,0,1,0,0,3600,9.69999981,1,150,651700
0,0,1,0,0,2600,9.39999962,1,27,429300
0,0,1,0,0,2300,8.39999962,1,38,400000
0,0,1,0,0,4900,10,1,300,4657500
0,0,1,0,0,12200,8.30000019,1,390,4968000
0,0,1,0,0,3400,7.69999981,1,70,1500000
0,0,1,0,0,1100,9,1,25,526500
0,0,1,0,0,6200,8.30000019,1,300,22500000
0,0,1,0,0,11000,7.80000019,1,270,4264313
0,0,1,0,0,3100,9,1,515,11830107
0,0,1,0,0,2700,10,1,70,1757500
0,0,1,0,0,3400,8.89999962,1,68,1140000
0,0,1,0,0,1500,3.20000005,1,25,600000
0,0,1,0,0,4600,9.5,1,140,3325000
0,0,1,0,0,2500,9.19999981,1,800,8900000
0,0,1,0,0,3800,2,1,35,392040
0,0,1,0,0,3200,8,1,300,3184776
0,0,1,0,0,4900,8.69999981,1,330,15050000
0,0,1,0,0,300,8.69999981,1,32,518760
0,0,1,0,0,3400,7.69999981,1,75,1100000
0,0,1,0,0,2300,9.10000038,1,40,450000
0,0,1,0,0,1100,9.69999981,1,38,1120000
0,0,1,0,0,1300,9.80000019,1,32,598000
0,0,1,0,0,2900,9.30000019,1,28,900000
0,0,1,0,0,2600,8.39999962,1,27,560000
0,0,1,0,0,8000,8.80000019,1,626,20016456
0,0,1,0,0,1300,9.30000019,1,150,2374050
0,0,1,0,0,2900,8.89999962,1,32,350000
0,0,1,0,0,1600,8.5,1,45,825000
0,0,1,0,0,3300,8.60000038,1,70,1400000
0,0,1,0,0,11700,8,1,434,6629111
0,0,1,0,0,4900,8.5,1,352,14400000
0,0,1,0,0,3000,3.70000005,1,50,405000
0,0,1,0,0,3400,9.5,1,70,1000000
0,0,1,0,0,1500,8.10000038,1,350,3825000
0,0,1,0,0,700,7.69999981,1,16,980000
0,0,1,0,0,2100,9.30000019,1,38,639000
0,0,1,0,0,1900,7.0999999,1,30,404950
0,0,1,0,0,3400,6.9000001,1,62,1125000
0,0,1,0,0,12300,8.60000038,1,333,7431944
0,0,1,0,0,3000,9.30000019,1,101,2500000
0,0,1,0,0,3400,5.69999981,1,60,1100000
0,0,1,0,0,3400,2,1,50,1000000
0,0,1,0,0,1700,9.80000019,1,210,1403415
0,0,1,0,0,4000,2.5,1,100,2160000
0,0,1,0,0,3400,8.19999981,1,60,1665000
0,0,1,0,0,10000,8.39999962,1,700,7500000
0,0,1,0,0,2900,9.5,1,28,407550
0,0,1,0,0,600,7.9000001,1,35,1000000
0,0,1,0,0,3400,10,1,67,1100000
0,0,1,0,0,3400,6.80000019,1,70,1233100
0,0,1,0,0,4100,6.5999999,1,35,668250
0,0,1,0,0,4900,6.69999981,1,515,11128296
0,0,1,0,0,2400,8.30000019,1,85,2000000
0,0,1,0,0,12200,9.19999981,1,250,6434033
0,0,1,0,0,12100,5,1,70,3000000
0,0,1,0,0,3500,9,1,36,899999
0,0,1,0,0,2000,9.30000019,1,21,870000
0,0,1,0,0,4800,7.80000019,1,330,9689220
0,0,1,0,0,3000,9.39999962,1,30,470000
0,0,1,0,0,1100,8.30000019,1,54,18000000
0,0,1,0,0,3400,2.20000005,1,50,945000
0,0,1,0,0,3300,9,1,450,2945000
0,0,1,0,0,3900,9.39999962,1,45,1330000
0,0,1,0,0,600,6,1,45,749700
0,0,1,0,0,3300,6,1,80,1440000
0,0,1,0,0,13100,8.60000038,1,38,2888889
0,0,1,0,0,2700,10,1,25,510000
0,0,1,0,0,3500,8.80000019,1,45,785175
0,0,1,0,0,3300,9.5,1,70,1080000
0,0,1,0,0,3400,8.80000019,1,68,1330000
0,0,1,0,0,3400,9,1,67,1170000
0,0,1,0,0,3500,8.5,1,45,1459000
0,0,1,0,0,1000,2.4000001,1,200,3000000
0,0,1,0,0,3400,8.19999981,1,65,726750
0,0,1,0,0,6700,8.5,1,25,282150
0,0,1,0,0,2500,9.39999962,1,25,299700
0,0,1,0,0,1200,9.30000019,1,25,540270
0,0,1,0,0,9800,8.89999962,1,370,8976000
0,0,1,0,0,3400,8.89999962,1,65,901692
0,0,1,0,0,4500,8.5,1,240,8494791
0,0,1,0,0,2800,9.80000019,1,75,1537128
0,0,1,0,0,3400,8.5,1,65,1500000
0,0,1,0,0,2700,8.60000038,1,30,869400
0,0,1,0,0,3400,2.20000005,1,30,396000
0,0,1,0,0,12400,7,1,41,7584882
0,0,1,0,0,4900,8.69999981,1,400,11048360
0,0,1,0,0,3400,8,1,60,688500
0,0,1,0,0,3400,8.10000038,1,50,850000
0,0,1,0,0,3100,10,1,24,506000
0,0,1,0,0,2400,9.19999981,1,40,1881475
0,0,1,0,0,3400,6.5,1,55,1080000
0,0,1,0,0,3400,9.60000038,1,65,1000000
0,0,1,0,0,3400,8.5,1,68,1144000
0,0,1,0,0,2700,8.89999962,1,39,630000
0,0,1,0,0,3200,9.80000019,1,35,1000000
0,0,1,0,0,3400,7.5,1,65,1080000
0,0,1,0,0,1000,8.69999981,1,70,1440000
0,0,1,0,0,8100,10,1,65,4009500
0,0,1,0,0,1100,9.5,1,50,1350000
0,0,1,0,0,3000,8.69999981,1,60,2039993
0,0,1,0,0,2700,10,1,35,631800
0,0,1,0,0,3400,8.69999981,1,45,450000
0,0,1,0,0,4200,8.80000019,1,45,638400
0,0,1,0,0,2700,9.10000038,1,26,766679
0,0,1,0,0,400,9.89999962,1,45,873000
0,0,1,0,0,1100,9,1,25,480000
0,0,1,0,0,3100,9.39999962,1,40,721111
0,0,1,0,0,3500,9,1,30,850500
0,0,1,0,0,3400,8,1,69,1365000
0,0,1,0,0,12300,4.19999981,1,700,6372000
0,0,1,0,0,3000,8.80000019,1,28,697297
0,0,1,0,0,5600,9.39999962,1,106,11180773
0,0,1,0,0,400,9.19999981,1,30,1889550
0,0,1,0,0,2800,8.30000019,1,44,1680000
0,0,1,0,0,3400,7.30000019,1,68,777600
0,0,1,0,0,4900,8.89999962,1,40,660000
0,0,1,0,0,3800,7.5,1,230,7182000
0,0,1,0,0,4200,9.39999962,1,40,902700
0,0,1,0,0,2800,8.80000019,1,40,380000
0,0,1,0,0,2600,9.5,1,40,1037221
0,0,1,0,0,2700,9.5,1,35,1213800
0,0,1,0,0,3400,9.19999981,1,30,994500
0,0,1,0,0,12000,8.30000019,1,70,3138750
0,0,1,0,0,2700,9.10000038,1,35,427500
0,0,1,0,0,1400,9.60000038,1,35,570000
0,0,1,0,0,4200,9.39999962,1,40,749772
0,0,1,0,0,3400,8,1,58,950000
0,0,1,0,0,3400,8.80000019,1,55,441000
0,0,1,0,0,10000,10,1,616,7125000
0,0,1,0,0,3200,7,2,280,3100000
0,0,1,0,0,12300,4.30000019,2,620,17500000
0,0,1,0,0,9600,9,2,90,2500000
0,0,1,0,0,3400,8.89999962,2,60,1800000
0,0,1,0,0,4600,5.69999981,2,620,15215000
0,0,1,0,0,2400,9.19999981,2,40,1881475
0,0,1,0,0,3400,7.9000001,2,70,2550000
0,0,1,0,0,5000,3.70000005,2,515,15144197
0,0,1,0,0,10000,10,2,220,8500000
0,0,1,0,0,3200,7.80000019,2,600,8280000
0,0,1,0,0,3100,9.30000019,2,44,1032750
0,0,1,0,0,1300,8.30000019,2,20,4455000
0,0,1,0,0,11800,9.69999981,2,515,13940630
0,0,1,0,0,3300,8.69999981,2,400,5850000
0,0,1,0,0,12400,5,2,54,1600370
0,0,1,0,0,3200,4.19999981,2,270,2070000
0,0,1,0,0,12400,10,2,80,3135000
0,0,1,0,0,12400,2.20000005,2,70,1186788
0,0,1,0,0,5000,4.30000019,2,615,9818182
0,0,1,0,0,11700,7,2,900,9000000
0,0,1,0,0,300,8.69999981,2,32,518760
0,0,1,0,0,3500,1,2,85,2000000
0,0,1,0,0,4300,9,2,400,10449000
0,0,1,0,0,1400,8.80000019,2,30,741000
0,0,1,0,0,2600,7,2,40,567000
0,0,1,0,0,12400,8.19999981,2,85,1748000
0,0,1,0,0,1000,8.5,2,270,5130000
0,0,1,0,0,5700,6.69999981,2,400,22000000
0,0,1,0,0,3600,9.19999981,2,240,1184625
0,0,1,0,0,12400,5,2,90,4570110
0,0,1,0,0,2000,7.5,2,50,1661750
0,0,1,0,0,4800,8.10000038,2,550,10133100
0,0,1,0,0,12400,9,2,90,2595558
0,0,1,0,0,5900,10,2,360,10000000
0,0,1,0,0,4700,7.30000019,2,200,3310750
0,0,1,0,0,2800,3.4000001,2,100,2700000
0,0,1,0,0,3000,9.69999981,2,35,400000
0,0,1,0,0,4900,10,2,350,8500000
0,0,1,0,0,12300,3.29999995,2,700,8000000
0,0,1,0,0,5700,5.30000019,2,250,4968000
0,0,1,0,0,10000,6.80000019,2,300,7000000
0,0,1,0,0,9000,9,2,60,1600000
0,0,1,0,0,12400,7.9000001,2,85,1496250
0,0,1,0,0,12300,7.5,2,700,6500000
0,0,1,0,0,2500,1,2,134,1152000
0,0,1,0,0,12300,2.79999995,2,200,11000000
0,0,1,0,0,3200,4.5999999,2,70,4000000
0,0,1,0,0,3800,3.0999999,2,50,1375000
0,0,1,0,0,3200,8.69999981,2,300,4000000
0,0,1,0,0,2400,7.9000001,2,200,10200000
0,0,1,0,0,3400,4.69999981,2,65,1800000
0,0,1,0,0,2300,9.5,2,65,665667
0,0,1,0,0,12300,6.0999999,2,40,6500000
0,0,1,0,0,3400,8.69999981,2,50,799200
0,0,1,0,0,3000,9,2,130,3800000
0,0,1,0,0,3800,4.5,2,55,550800
0,0,1,0,0,3000,3.9000001,2,50,450000
0,0,1,0,0,3400,5.4000001,2,67,1200000
0,0,1,0,0,3300,1.89999998,2,45,480000
0,0,1,0,0,12300,10,2,312,5687500
0,0,1,0,0,4900,10,2,450,6000000
0,0,1,0,0,3400,7.30000019,2,70,855000
0,0,1,0,0,1400,9.5,2,55,405000
0,0,1,0,0,2800,9.10000038,2,140,2065500
0,0,1,0,0,4000,7.5999999,2,580,9828000
0,0,1,0,0,3600,8.19999981,2,150,605150
0,0,1,0,0,3300,1,2,75,800000
0,0,1,0,0,3400,6,2,60,1200000
0,0,1,0,0,2800,10,2,700,16129032
0,0,1,0,0,2900,7.30000019,2,100,3150000
0,0,1,0,0,3300,9.10000038,2,50,769774
0,0,1,0,0,7800,10,2,78,13752999
0,0,1,0,0,3400,7,2,70,1200000
0,0,1,0,0,12400,8.69999981,2,270,4370000
0,0,1,0,0,3400,8.5,2,52,850000
0,0,1,0,0,3600,9.69999981,2,40,800000
0,0,1,0,0,2700,7.30000019,2,150,5652500
0,0,1,0,0,2300,8.69999981,2,35,720000
0,0,1,0,0,3000,9.19999981,2,35,540000
0,0,1,0,0,3400,9,2,60,1300000
0,0,1,0,0,4000,3.0999999,2,100,2160000
0,0,1,0,0,3400,2.5999999,2,68,1078200
0,0,1,0,0,3400,8.30000019,2,68,1199000
0,0,1,0,0,4300,3.9000001,2,350,12188750
0,0,1,0,0,5000,8.60000038,2,400,11337662
0,0,1,0,0,3000,8.30000019,2,100,2565000
0,0,1,0,0,1300,6.30000019,2,63,1200000
0,0,1,0,0,3400,9.69999981,2,68,945000
0,0,1,0,0,2500,10,2,700,16129032
0,0,1,0,0,4500,10,2,20,3000000
0,0,1,0,0,3400,10,2,280,1550000
0,0,1,0,0,11600,6,2,400,5500000
0,0,1,0,0,2700,3.79999995,2,310,4900000
0,0,1,0,0,3400,3,2,52,850000
0,0,1,0,0,11600,7.4000001,2,300,5250000
0,0,1,0,0,11800,2.20000005,2,600,6500000
0,0,1,0,0,10000,7.5,2,600,6750000
0,0,1,0,0,3300,9.5,2,35,300000
0,0,1,0,0,3400,8,2,100,2050000
0,0,1,0,0,2300,7.5,2,150,2700000
0,0,1,0,0,2700,10,2,700,17921148
0,0,1,0,0,4600,8,2,50,552500
0,0,1,0,0,3000,6.5999999,2,320,4000000
0,0,1,0,0,3400,7,2,60,832000
0,0,1,0,0,1700,8,2,750,2950000
0,0,1,0,0,2700,9,2,50,576000
0,0,1,0,0,3600,9.69999981,2,150,651700
0,0,1,0,0,3400,10,2,50,765000
0,0,1,0,0,5700,9.19999981,2,515,10534091
0,0,1,0,0,2500,9.39999962,2,25,333000
0,0,1,0,0,2600,9.10000038,2,30,559000
0,0,1,0,0,3400,3.70000005,2,68,390000
0,0,1,0,0,11800,3.9000001,2,70,2500000
0,0,1,0,0,12400,10,2,832,17500000
0,0,1,0,0,2700,10,2,78,2422500
0,0,1,0,0,1100,9,2,25,526500
0,0,1,0,0,3900,8.39999962,2,32,586625
0,0,1,0,0,3200,9.39999962,2,35,850500
0,0,1,0,0,3400,6.30000019,2,70,1038400
0,0,1,0,0,5000,9.19999981,2,200,2561895
0,0,1,0,0,8400,9.30000019,2,45,1937500
0,0,1,0,0,3400,7.5,2,65,1600000
0,0,1,0,0,3400,8.5,2,40,562000
0,0,1,0,0,2900,4.4000001,2,102,1296000
0,0,1,0,0,3400,4,2,69,1789000
0,0,1,0,0,2600,6.5,2,35,1125000
0,0,1,0,0,1500,7.5999999,2,25,600000
0,0,1,0,0,2700,10,2,70,1757500
0,0,1,0,0,4900,10,2,300,4657500
0,0,1,0,0,3100,9,2,515,11830107
0,0,1,0,0,10900,9,2,50,950000
0,0,1,0,0,1300,9.80000019,2,32,598000
0,0,1,0,0,3400,8.89999962,2,68,1140000
0,0,1,0,0,3400,8.60000038,2,15,563063
0,0,1,0,0,3400,7.69999981,2,70,1500000
0,0,1,0,0,2500,9.19999981,2,800,8900000
0,0,1,0,0,12500,2.0999999,2,215,5050000
0,0,1,0,0,3300,7.5,2,480,2200000
0,0,1,0,0,2300,9.10000038,2,40,450000
0,0,1,0,0,3800,6,2,35,396000
0,0,1,0,0,6200,3.5999999,2,300,22500000
0,0,1,0,0,3000,6.9000001,2,55,1975050
0,0,1,0,0,2800,9.30000019,2,35,1177000
0,0,1,0,0,2900,9.5,2,35,418000
0,0,1,0,0,4400,9.30000019,2,35,650000
0,0,1,0,0,5000,5.4000001,2,450,6500000
0,0,1,0,0,2600,8.39999962,2,27,560000
0,0,1,0,0,3400,7.69999981,2,75,1100000
0,0,1,0,0,1900,7.0999999,2,30,405000
0,0,1,0,0,3400,9.5,2,70,1000000
0,0,1,0,0,12200,8.30000019,2,390,4968000
0,0,1,0,0,12300,3.29999995,2,416,5946703
0,0,1,0,0,12300,4.19999981,2,500,7628750
0,0,1,0,0,11000,7.80000019,2,270,4264313
0,0,1,0,0,1100,9.69999981,2,38,1120000
0,0,1,0,0,1600,8.5,2,45,825000
0,0,1,0,0,8000,8.80000019,2,626,20041744
0,0,1,0,0,3500,9,2,36,899999
0,0,1,0,0,3400,9.19999981,2,60,1100000
0,0,1,0,0,3400,5.5999999,2,62,1125000
0,0,1,0,0,2900,9.30000019,2,28,900000
0,0,1,0,0,1100,8.30000019,2,54,18000000
0,0,1,0,0,3400,6.80000019,2,70,1233100
0,0,1,0,0,3200,8,2,300,3184776
0,0,1,0,0,12300,8.60000038,2,333,7431944
0,0,1,0,0,4900,2.9000001,2,352,14400000
0,0,1,0,0,3400,10,2,67,1100000
0,0,1,0,0,12100,5,2,70,3000000
0,0,1,0,0,3400,6.5,2,30,440000
0,0,1,0,0,3400,3.20000005,2,50,1000000
0,0,1,0,0,2100,9.30000019,2,38,639000
0,0,1,0,0,1700,9.80000019,2,210,1511370
0,0,1,0,0,3400,8.19999981,2,60,1665000
0,0,1,0,0,400,9.89999962,2,45,900000
0,0,1,0,0,6700,8.5,2,25,297000
0,0,1,0,0,700,4.19999981,2,16,980000
0,0,1,0,0,3000,8.19999981,2,280,5500000
0,0,1,0,0,3300,9.19999981,2,75,3420000
0,0,1,0,0,10000,8.30000019,2,700,7500000
0,0,1,0,0,2400,2.5,2,85,2000000
0,0,1,0,0,600,7.9000001,2,35,1000000
0,0,1,0,0,1500,6.9000001,2,350,3825000
0,0,1,0,0,4800,7.80000019,2,330,9689220
0,0,1,0,0,500,9.60000038,2,48,1003500
0,0,1,0,0,3400,8.19999981,2,65,769500
0,0,1,0,0,1000,3.9000001,2,200,3000000
0,0,1,0,0,3300,9.39999962,2,40,769500
0,0,1,0,0,3300,9.5,2,70,1080000
0,0,1,0,0,450,8.19999981,2,40,599000
0,0,1,0,0,4100,6.5999999,2,35,668250
0,0,1,0,0,3000,9.39999962,2,30,470000
0,0,1,0,0,3100,10,2,24,506000
0,0,1,0,0,1600,9.39999962,2,50,573750
0,0,1,0,0,3400,8.30000019,2,50,945000
0,0,1,0,0,4400,7.69999981,2,55,450000
0,0,1,0,0,3200,4.9000001,2,500,2480000
0,0,1,0,0,3100,8,2,40,550000
0,0,1,0,0,12300,9,2,56,4095000
0,0,1,0,0,3300,9,2,450,2945000
0,0,1,0,0,600,6,2,45,749700
0,0,1,0,0,2700,10,2,25,510000
0,0,1,0,0,3000,9.30000019,2,101,2500000
0,0,1,0,0,12200,9.19999981,2,250,6434033
0,0,1,0,0,3900,9.30000019,2,500,3968604
0,0,1,0,0,13100,8.60000038,2,38,2888889
0,0,1,0,0,2000,9.30000019,2,21,870000
0,0,1,0,0,2700,9.30000019,2,20,1170000
0,0,1,0,0,3600,8.69999981,2,36,501600
0,0,1,0,0,3500,8.80000019,2,45,812250
0,0,1,0,0,3200,8.30000019,2,32,396000
0,0,1,0,0,3500,8.5,2,45,1459000
0,0,1,0,0,3400,8.80000019,2,68,1330000
0,0,1,0,0,3400,8.89999962,2,65,901692
0,0,1,0,0,600,9.19999981,2,33,860000
0,0,1,0,0,3400,9,2,67,1170000
0,0,1,0,0,11700,8,2,434,6629111
0,0,1,0,0,2700,10,2,35,631800
0,0,1,0,0,1100,9,2,25,480000
0,0,1,0,0,1200,9.30000019,2,25,540270
0,0,1,0,0,3400,3.20000005,2,50,850000
0,0,1,0,0,4900,8.69999981,2,400,11048360
0,0,1,0,0,4500,8.5,2,240,8494791
0,0,1,0,0,3400,9.60000038,2,65,1000000
0,0,1,0,0,3500,10,2,70,300000
0,0,1,0,0,2900,9.10000038,2,50,1200000
0,0,1,0,0,3400,7.80000019,2,55,1200000
0,0,1,0,0,8100,10,2,65,4455000
0,0,1,0,0,2100,9.10000038,2,20,467500
0,0,1,0,0,2800,8.80000019,2,40,400000
0,0,1,0,0,9800,8.89999962,2,370,8976000
0,0,1,0,0,2800,9.80000019,2,75,1541628
0,0,1,0,0,2700,8.60000038,2,30,869400
0,0,1,0,0,3400,8.5,2,65,1500000
0,0,1,0,0,3400,8.5,2,68,1144000
0,0,1,0,0,2300,9.10000038,2,27,1377000
0,0,1,0,0,2400,9.19999981,2,40,514706
0,0,1,0,0,3400,7.5,2,65,1080000
0,0,1,0,0,1100,9.5,2,50,1350000
0,0,1,0,0,3200,9.80000019,2,35,1000000
0,0,1,0,0,2700,9.10000038,2,26,766679
0,0,1,0,0,1000,6.19999981,2,70,1440000
0,0,1,0,0,3400,8,2,68,777600
0,0,1,0,0,3300,6.4000001,2,80,1440000
0,0,1,0,0,3000,8.69999981,2,60,2039993
0,0,1,0,0,600,9,2,25,944775
0,0,1,0,0,3100,9.39999962,2,40,721111
0,0,1,0,0,3400,8.69999981,2,45,450000
0,0,1,0,0,3500,9,2,30,850500
0,0,1,0,0,4900,8.89999962,2,40,660000
0,0,1,0,0,13000,8.39999962,2,54,6480000
0,0,1,0,0,3400,8,2,69,1365000
0,0,1,0,0,12300,7.9000001,2,700,6372000
0,0,1,0,0,5600,9.39999962,2,106,11180773
0,0,1,0,0,3800,7.9000001,2,230,7182000
0,0,1,0,0,4200,9.39999962,2,40,902700
0,0,1,0,0,2600,9.5,2,40,1037221
0,0,1,0,0,2700,9.5,2,35,1213800
0,0,1,0,0,1400,9.60000038,2,35,570000
0,0,1,0,0,3400,8.80000019,2,55,441000
0,0,1,0,0,2700,9.10000038,2,35,427500
0,0,1,0,0,12000,8.30000019,2,70,3138750
0,0,1,0,0,3400,8,2,58,950000
0,0,1,0,0,10000,10,2,450,12112500
0,0,0,0,1,1900,3.0999999,1,50,1600000
0,0,0,0,1,3900,1,1,40,720000
0,0,0,0,1,2500,10,1,68,1200000
0,0,0,0,1,800,10,1,71,1275000
0,0,0,0,1,3600,2,1,110,1718768
0,0,0,0,1,7100,8.80000019,1,45,710000
0,0,0,0,1,3400,9.19999981,1,20,477900
0,0,0,0,1,600,9.60000038,1,20,617500
0,0,0,0,1,300,7.69999981,1,32,700000
0,0,0,0,1,450,8.69999981,1,50,1250000
0,0,0,0,1,1300,8.30000019,1,25,541500
0,0,0,0,1,2500,5.0999999,1,60,1100000
0,0,0,0,1,2700,9.69999981,1,32,1850000
0,0,0,0,1,2500,9,1,67,650000
0,0,0,0,1,38500,8.30000019,1,25,760320
0,0,0,0,1,300,5.5,1,10,500000
0,0,0,0,1,4000,8.19999981,1,30,623333
0,0,0,0,1,3800,8.60000038,1,35,500000
0,0,0,0,1,1200,9.10000038,1,60,754110
0,0,0,0,1,1600,9.19999981,1,32,500000
0,0,0,0,1,3600,8,1,77,3670321
0,0,0,0,1,2500,10,1,60,960000
0,0,0,0,1,1400,8.89999962,1,50,1445850
0,0,0,0,1,4100,1.89999998,1,85,1150000
0,0,0,0,1,1500,9.39999962,1,33,510300
0,0,0,0,1,4200,2.9000001,1,50,1200000
0,0,0,0,1,2200,9.30000019,1,25,1000000
0,0,0,0,1,4000,10,1,30,990000
0,0,0,0,1,1800,8.60000038,1,45,2079000
0,0,0,0,1,4200,8.60000038,1,60,1200000
0,0,0,0,1,2800,7.19999981,1,29,920000
0,0,0,0,1,4100,9.10000038,1,28,470000
0,0,0,0,1,11100,3.20000005,1,45,1287000
0,0,0,0,1,2300,9,1,70,800000
0,0,0,0,1,350,9.10000038,1,45,424080
0,0,0,0,1,350,9.30000019,1,32,1100250
0,0,0,0,1,2200,7,1,35,600000
0,0,0,0,1,3200,4.5999999,1,55,1200000
0,0,0,0,1,2500,8.80000019,1,62,1200000
0,0,0,0,1,800,10,2,71,1350000
0,0,0,0,1,3900,1,2,40,800000
0,0,0,0,1,7100,8.80000019,2,45,710000
0,0,0,0,1,3600,7.5999999,2,110,1826191
0,0,0,0,1,3400,9.19999981,2,20,501500
0,0,0,0,1,300,7.69999981,2,32,700000
0,0,0,0,1,600,9.60000038,2,20,650000
0,0,0,0,1,450,8.69999981,2,50,1250000
0,0,0,0,1,2700,9.69999981,2,32,1850000
0,0,0,0,1,2300,9,2,70,800000
0,0,0,0,1,1300,8.30000019,2,25,541500
0,0,0,0,1,2500,9,2,67,750000
0,0,0,0,1,300,5.5,2,10,500000
0,0,0,0,1,38500,8.30000019,2,25,760320
0,0,0,0,1,2500,1.79999995,2,60,1100000
0,0,0,0,1,2500,10,2,60,1020000
0,0,0,0,1,1600,9.19999981,2,32,500000
0,0,0,0,1,1500,9.39999962,2,33,567000
0,0,0,0,1,1200,9.10000038,2,60,837900
0,0,0,0,1,4200,3,2,50,1350000
0,0,0,0,1,1800,8.60000038,2,45,2079000
0,0,0,0,1,2200,9.30000019,2,25,1000000
0,0,0,0,1,2600,9.10000038,2,35,650000
0,0,0,0,1,3600,8,2,77,3670321
0,0,0,0,1,4000,8.19999981,2,30,623333
0,0,0,0,1,4200,8.19999981,2,60,1200000
0,0,0,0,1,11100,4.4000001,2,45,1430000
0,0,0,0,1,2800,7.19999981,2,29,950000
0,0,0,0,1,4100,9.10000038,2,28,470000
0,0,0,0,1,4000,10,2,30,990000
0,0,0,0,1,4400,8.30000019,2,36,1140000
0,0,0,0,1,2200,8.39999962,2,28,500000
0,0,0,0,1,350,9.30000019,2,32,1100250
0,0,0,0,1,350,5.4000001,2,45,471200
0,0,0,0,1,2200,7,2,35,600000
0,0,0,0,1,3100,8.80000019,2,20,576000
0,0,0,0,1,3200,7.4000001,2,55,1200000
1,0,0,0,0,3500,5.9000001,1,55,1045000
1,0,0,0,0,10000,6,1,68,1080000
1,0,0,0,0,1800,10,1,70,1600000
1,0,0,0,0,800,9,1,86,1822500
1,0,0,0,0,1600,9,1,100,2000000
1,0,0,0,0,4000,4.30000019,1,20,765000
1,0,0,0,0,900,8,1,65,1443200
1,0,0,0,0,900,5.4000001,1,108,2700000
1,0,0,0,0,3900,9,1,30,450000
1,0,0,0,0,1200,5.69999981,1,30,855000
1,0,0,0,0,3600,6.19999981,1,55,960000
1,0,0,0,0,1000,10,1,30,2200000
1,0,0,0,0,1800,2.9000001,1,68,1300000
1,0,0,0,0,5100,10,1,75,1700000
1,0,0,0,0,6000,5.19999981,1,800,10000000
1,0,0,0,0,4000,9,1,30,765000
1,0,0,0,0,5600,1,1,65,1255500
1,0,0,0,0,5500,2.5999999,1,70,1275000
1,0,0,0,0,7700,2.9000001,1,26,600000
1,0,0,0,0,3200,8.60000038,1,48,620500
1,0,0,0,0,1000,10,1,28,1620000
1,0,0,0,0,1500,7.5,1,60,784273
1,0,0,0,0,3500,4.30000019,1,56,1327500
1,0,0,0,0,3500,2.29999995,1,50,1120000
1,0,0,0,0,5200,9,1,40,790000
1,0,0,0,0,3300,5,1,30,432000
1,0,0,0,0,3500,1,1,52,1120000
1,0,0,0,0,2900,2.4000001,1,115,2699000
1,0,0,0,0,1000,4.19999981,1,28,760000
1,0,0,0,0,3500,1.79999995,1,80,1600000
1,0,0,0,0,5200,4.9000001,1,40,790000
1,0,0,0,0,800,5.80000019,1,80,1590000
1,0,0,0,0,5900,9.80000019,1,50,1120000
1,0,0,0,0,2900,5.69999981,1,110,2700000
1,0,0,0,0,3200,7.69999981,1,120,2400000
1,0,0,0,0,6500,6,1,72,1400000
1,0,0,0,0,3600,1,1,53,920000
1,0,0,0,0,3500,5.30000019,1,88,1600000
1,0,0,0,0,2800,3.20000005,1,82,1050000
1,0,0,0,0,1000,8.69999981,1,30,990000
1,0,0,0,0,3500,2.5999999,1,110,2625000
1,0,0,0,0,900,8.10000038,1,35,1224000
1,0,0,0,0,3500,3,1,100,2500000
1,0,0,0,0,5600,9.5,1,60,1150000
1,0,0,0,0,3500,5.69999981,1,50,1282500
1,0,0,0,0,9200,7,1,20,299250
1,0,0,0,0,4200,8,1,100,480000
1,0,0,0,0,3700,3.79999995,1,55,1440000
1,0,0,0,0,800,5.5,1,45,1082160
1,0,0,0,0,6800,4,1,400,500000
1,0,0,0,0,3500,5.4000001,1,50,3500000
1,0,0,0,0,3400,5.69999981,1,50,1620000
1,0,0,0,0,500,7.0999999,1,45,950000
1,0,0,0,0,1000,6.5999999,1,65,1500000
1,0,0,0,0,3500,8,1,56,880000
1,0,0,0,0,900,6,1,32,1200000
1,0,0,0,0,800,7.69999981,1,88,1900000
1,0,0,0,0,1200,1,1,35,780000
1,0,0,0,0,700,7.4000001,1,15,900000
1,0,0,0,0,3500,10,1,55,1134000
1,0,0,0,0,2500,2,1,35,675000
1,0,0,0,0,3500,8.5,1,54,1500000
1,0,0,0,0,900,7,1,48,1560000
1,0,0,0,0,2600,8.30000019,1,33,655200
1,0,0,0,0,3500,6.5999999,1,75,2400000
1,0,0,0,0,900,7.9000001,1,74,1600000
1,0,0,0,0,1800,10,1,55,1690000
1,0,0,0,0,3500,4.5,1,50,3000000
1,0,0,0,0,5700,8.5,1,25,500000
1,0,0,0,0,5900,6.19999981,1,20,500000
1,0,0,0,0,1000,8.5,1,30,729000
1,0,0,0,0,800,3.29999995,1,65,2945000
1,0,0,0,0,10500,3.0999999,1,40,446400
1,0,0,0,0,1800,1,1,82,1600000
1,0,0,0,0,2800,5.19999981,1,55,675000
1,0,0,0,0,1800,8.69999981,1,90,1520000
1,0,0,0,0,1000,2.9000001,1,80,3430000
1,0,0,0,0,3500,4,1,55,1620000
1,0,0,0,0,3500,1,1,54,900000
1,0,0,0,0,600,3.29999995,1,25,585000
1,0,0,0,0,1800,7,1,80,1600000
1,0,0,0,0,4900,8.80000019,1,80,1500000
1,0,0,0,0,1000,3.5999999,1,45,1500000
1,0,0,0,0,3200,10,1,80,1377500
1,0,0,0,0,600,4,1,40,684000
1,0,0,0,0,3500,10,1,54,1400000
1,0,0,0,0,800,4.69999981,1,60,1377500
1,0,0,0,0,5600,9,1,77,1440355
1,0,0,0,0,1200,7.4000001,1,88,1550000
1,0,0,0,0,2400,6.0999999,1,52,715500
1,0,0,0,0,1700,4.0999999,1,90,4750000
1,0,0,0,0,1800,5.4000001,1,120,2934000
1,0,0,0,0,3300,6.5,1,40,1000000
1,0,0,0,0,1500,7.4000001,1,29,997592
1,0,0,0,0,1000,6,1,30,830000
1,0,0,0,0,5600,2.5999999,1,71,1500000
1,0,0,0,0,5800,7,1,50,2940000
1,0,0,0,0,4900,7.80000019,1,30,427500
1,0,0,0,0,2700,3.5,1,54,1400000
1,0,0,0,0,1800,3.5,1,92,1360000
1,0,0,0,0,800,9.60000038,1,88,2000000
1,0,0,0,0,1900,8.60000038,1,35,1000000
1,0,0,0,0,800,10,1,60,1881000
1,0,0,0,0,3900,9,1,54,1300000
1,0,0,0,0,2100,10,1,79,3334500
1,0,0,0,0,3300,4.30000019,1,80,3200000
1,0,0,0,0,5600,10,1,95,2025000
1,0,0,0,0,300,6.69999981,1,28,569600
1,0,0,0,0,1700,9.69999981,1,50,2385000
1,0,0,0,0,800,9.39999962,1,70,1800000
1,0,0,0,0,3800,6.69999981,1,60,1700000
1,0,0,0,0,1000,2.29999995,1,74,1800000
1,0,0,0,0,3500,2.70000005,1,60,1350000
1,0,0,0,0,3500,8.5,1,120,2610000
1,0,0,0,0,4500,8.69999981,1,35,789000
1,0,0,0,0,3700,4.0999999,1,57,1300000
1,0,0,0,0,1800,10,1,55,1700000
1,0,0,0,0,1000,5,1,30,920000
1,0,0,0,0,900,4.5999999,1,55,1903500
1,0,0,0,0,500,4.69999981,1,35,585000
1,0,0,0,0,3200,4.30000019,1,78,1900000
1,0,0,0,0,6100,8,1,70,1290000
1,0,0,0,0,1000,9.69999981,1,80,3000000
1,0,0,0,0,7800,10,1,68,1150000
1,0,0,0,0,3600,1.89999998,1,80,1440000
1,0,0,0,0,1800,8,1,25,952130
1,0,0,0,0,3800,10,1,87,1161709
1,0,0,0,0,800,2.9000001,1,65,1379840
1,0,0,0,0,4400,9.10000038,1,35,900000
1,0,0,0,0,3500,5.69999981,1,50,1260000
1,0,0,0,0,1000,8.89999962,1,75,19000010
1,0,0,0,0,5600,5.80000019,1,116,2990000
1,0,0,0,0,3500,4.69999981,1,70,1715000
1,0,0,0,0,1000,6.80000019,1,30,900000
1,0,0,0,0,3500,5,1,79,1840000
1,0,0,0,0,3700,9.10000038,1,53,2790000
1,0,0,0,0,3400,8.89999962,1,56,1500000
1,0,0,0,0,3700,8.39999962,1,59,1900000
1,0,0,0,0,3700,9.19999981,1,55,2970000
1,0,0,0,0,1800,8.80000019,1,70,1300000
1,0,0,0,0,6000,7.4000001,1,75,1290000
1,0,0,0,0,1500,9,1,30,720000
1,0,0,0,0,3700,7.5,1,55,2304000
1,0,0,0,0,1000,8.5,1,99,2150000
1,0,0,0,0,3700,8.5,1,55,1200000
1,0,0,0,0,1000,10,1,36,1260000
1,0,0,0,0,3900,6.69999981,1,55,1800000
1,0,0,0,0,3500,9.69999981,1,111,2780000
1,0,0,0,0,800,6.30000019,1,110,2500000
1,0,0,0,0,3700,4.80000019,1,50,1890000
1,0,0,0,0,300,2.0999999,1,28,680000
1,0,0,0,0,1000,2.20000005,1,45,1700000
1,0,0,0,0,3700,9.69999981,1,53,2970000
1,0,0,0,0,2800,7.19999981,1,70,1702000
1,0,0,0,0,900,3.70000005,1,55,1260000
1,0,0,0,0,5900,10,1,70,1390000
1,0,0,0,0,3700,9.60000038,1,55,2700000
1,0,0,0,0,1700,7.0999999,1,90,2500000
1,0,0,0,0,3500,5.30000019,1,60,1350000
1,0,0,0,0,3600,7,1,72,1292000
1,0,0,0,0,1000,9.69999981,1,60,2100000
1,0,0,0,0,5500,10,1,40,950000
1,0,0,0,0,3500,9.19999981,1,76,1292000
1,0,0,0,0,1200,8.30000019,1,30,585000
1,0,0,0,0,3500,10,1,40,1250000
1,0,0,0,0,2800,8.60000038,1,88,2000000
1,0,0,0,0,3500,8,1,88,1600000
1,0,0,0,0,3500,2.5999999,1,78,2948800
1,0,0,0,0,3600,7.4000001,1,87,1700000
1,0,0,0,0,900,3.29999995,1,78,2090000
1,0,0,0,0,1800,1,1,45,1900000
1,0,0,0,0,1000,9.30000019,1,35,900000
1,0,0,0,0,3700,5,1,55,2160000
1,0,0,0,0,300,4.80000019,1,25,499136
1,0,0,0,0,3600,9.19999981,1,55,1364000
1,0,0,0,0,3700,2.20000005,1,50,1190000
1,0,0,0,0,800,3.20000005,1,80,1900000
1,0,0,0,0,900,6.80000019,1,45,850000
1,0,0,0,0,3000,1.89999998,1,95,1440000
1,0,0,0,0,1100,2.9000001,1,25,408000
1,0,0,0,0,600,2.20000005,1,70,495000
1,0,0,0,0,1100,4.30000019,1,80,2400000
1,0,0,0,0,3300,5.80000019,1,56,1300000
1,0,0,0,0,900,5.5,1,40,1584000
1,0,0,0,0,1100,10,1,27,978924
1,0,0,0,0,900,6.0999999,1,40,1680000
1,0,0,0,0,3700,7.80000019,1,45,1000000
1,0,0,0,0,6000,9,1,100,1750000
1,0,0,0,0,8900,3,1,80,576000
1,0,0,0,0,3500,9.10000038,1,109,3525000
1,0,0,0,0,1300,3.20000005,1,36,819000
1,0,0,0,0,1100,5.9000001,1,50,1000000
1,0,0,0,0,9600,2.0999999,1,98,1440000
1,0,0,0,0,6000,8.30000019,1,89,3000000
1,0,0,0,0,4600,3.5999999,1,26,1000000
1,0,0,0,0,5600,8,1,80,1551000
1,0,0,0,0,900,5.9000001,1,55,810000
1,0,0,0,0,1000,5.30000019,1,80,2240000
1,0,0,0,0,5500,9.5,1,71,1350000
1,0,0,0,0,3500,3.0999999,1,55,1500000
1,0,0,0,0,5000,7.30000019,1,77,1396500
1,0,0,0,0,5900,2,1,45,1296000
1,0,0,0,0,800,8.69999981,1,58,1100000
1,0,0,0,0,7800,8.80000019,1,65,1000000
1,0,0,0,0,5200,7.5,1,36,750000
1,0,0,0,0,800,6.30000019,1,65,1100000
1,0,0,0,0,3400,7.80000019,1,65,1700000
1,0,0,0,0,1400,3.5,1,45,648000
1,0,0,0,0,900,6.69999981,1,75,1280000
1,0,0,0,0,300,3.0999999,1,30,712800
1,0,0,0,0,1000,7.5999999,1,76,1633500
1,0,0,0,0,5900,5.19999981,1,71,1450000
1,0,0,0,0,5200,10,1,36,784000
1,0,0,0,0,300,8.80000019,1,50,1016500
1,0,0,0,0,3400,4.30000019,1,55,1352000
1,0,0,0,0,3200,4.80000019,1,38,1040000
1,0,0,0,0,300,5.30000019,1,28,583920
1,0,0,0,0,1000,7.69999981,1,65,1680000
1,0,0,0,0,1000,10,1,25,1078000
1,0,0,0,0,1000,5.30000019,1,64,1408000
1,0,0,0,0,3500,9.39999962,1,54,2070000
1,0,0,0,0,1000,2.5999999,1,40,1100000
1,0,0,0,0,5000,8.80000019,1,25,831600
1,0,0,0,0,1700,3.29999995,1,50,1600000
1,0,0,0,0,10500,5.4000001,1,60,442320
1,0,0,0,0,10000,2.5,1,70,1360000
1,0,0,0,0,3700,7.30000019,1,70,1449000
1,0,0,0,0,2100,4.80000019,1,50,512000
1,0,0,0,0,1800,1.89999998,1,120,2450000
1,0,0,0,0,4900,8.69999981,1,42,746100
1,0,0,0,0,3500,3.70000005,1,59,1500000
1,0,0,0,0,3300,3.79999995,1,38,800000
1,0,0,0,0,800,4.9000001,1,55,1200000
1,0,0,0,0,5000,8.10000038,1,77,1375000
1,0,0,0,0,5500,6.0999999,1,91,1280000
1,0,0,0,0,3700,9.60000038,1,55,2880000
1,0,0,0,0,3300,4.5,1,76,1760000
1,0,0,0,0,3700,8.30000019,1,70,2100000
1,0,0,0,0,900,8.19999981,1,30,1120000
1,0,0,0,0,7500,1.79999995,1,65,310000
1,0,0,0,0,1000,3.5,1,34,990000
1,0,0,0,0,2400,9.60000038,1,58,1650000
1,0,0,0,0,900,5.0999999,1,35,1100000
1,0,0,0,0,5900,8.69999981,1,95,1560000
1,0,0,0,0,800,3.29999995,1,70,1296000
1,0,0,0,0,1000,2,1,30,880000
1,0,0,0,0,800,10,1,35,972000
1,0,0,0,0,5000,2.70000005,1,25,650000
1,0,0,0,0,800,4.4000001,1,110,2400000
1,0,0,0,0,450,7.0999999,1,70,2700000
1,0,0,0,0,3500,9.69999981,1,55,2070000
1,0,0,0,0,3500,9.19999981,1,55,1176000
1,0,0,0,0,2400,9.5,1,25,520000
1,0,0,0,0,3200,4.69999981,1,38,890000
1,0,0,0,0,5900,10,1,75,1313000
1,0,0,0,0,2500,7.4000001,1,60,1008000
1,0,0,0,0,3300,10,1,38,1300000
1,0,0,0,0,400,4.80000019,1,64,748000
1,0,0,0,0,1000,3.4000001,1,35,1058670
1,0,0,0,0,5800,9,1,55,1599000
1,0,0,0,0,1000,3.9000001,1,35,1350000
1,0,0,0,0,5300,8.89999962,1,35,1895400
1,0,0,0,0,2800,4.69999981,1,25,450000
1,0,0,0,0,1000,9.89999962,1,32,950000
1,0,0,0,0,1000,4.5,1,30,730000
1,0,0,0,0,3700,9,1,22,585000
1,0,0,0,0,3600,10,1,55,1741500
1,0,0,0,0,3500,9.69999981,2,55,2070000
1,0,0,0,0,3200,4.69999981,2,38,800000
1,0,0,0,0,3500,9,2,51,1190000
1,0,0,0,0,3500,9,2,60,1235000
1,0,0,0,0,5900,2.9000001,2,80,1275000
1,0,0,0,0,3600,1,2,60,2400000
1,0,0,0,0,3500,10,2,49,1500000
1,0,0,0,0,900,5.5999999,2,80,2000000
1,0,0,0,0,3200,5.0999999,2,80,1550000
1,0,0,0,0,1000,4.5,2,80,1600000
1,0,0,0,0,4400,4.19999981,2,30,700000
1,0,0,0,0,1000,5.4000001,2,60,1995000
1,0,0,0,0,5900,10,2,68,1313000
1,0,0,0,0,3600,7,2,109,3120000
1,0,0,0,0,5500,5.30000019,2,70,1400000
1,0,0,0,0,1800,10,2,70,1600000
1,0,0,0,0,800,4.69999981,2,70,1440000
1,0,0,0,0,3800,4.5,2,82,1700000
1,0,0,0,0,4900,7.5,2,18,440000
1,0,0,0,0,4000,5.19999981,2,20,850000
1,0,0,0,0,900,5,2,108,2700000
1,0,0,0,0,3500,5.4000001,2,54,1120000
1,0,0,0,0,1000,8.60000038,2,30,1100000
1,0,0,0,0,5700,3.29999995,2,25,500000
1,0,0,0,0,1000,9,2,60,1995000
1,0,0,0,0,3500,4.30000019,2,56,1401250
1,0,0,0,0,5600,6.69999981,2,97,1799999
1,0,0,0,0,800,9,2,86,1822500
1,0,0,0,0,3500,8.10000038,2,80,1400000
1,0,0,0,0,5400,7,2,600,10000000
1,0,0,0,0,9200,7,2,20,299250
1,0,0,0,0,5700,5,2,70,1290000
1,0,0,0,0,900,6.4000001,2,70,2210000
1,0,0,0,0,3700,6.30000019,2,120,6950000
1,0,0,0,0,5600,3.70000005,2,80,1275000
1,0,0,0,0,3400,2.70000005,2,53,1300000
1,0,0,0,0,3500,3.20000005,2,80,1600000
1,0,0,0,0,1500,9.10000038,2,60,784273
1,0,0,0,0,1000,7,2,30,1080000
1,0,0,0,0,1000,10,2,60,1995000
1,0,0,0,0,3500,1,2,52,1260000
1,0,0,0,0,5200,7.4000001,2,40,790000
1,0,0,0,0,3500,8.69999981,2,50,1200000
1,0,0,0,0,1000,7.5999999,2,28,760000
1,0,0,0,0,5200,9,2,40,790000
1,0,0,0,0,3500,9,2,56,1800000
1,0,0,0,0,3500,8.30000019,2,55,1350000
1,0,0,0,0,700,5.19999981,2,15,960000
1,0,0,0,0,5900,1.89999998,2,20,500000
1,0,0,0,0,5100,6.5999999,2,48,950000
1,0,0,0,0,3700,8.80000019,2,55,1600000
1,0,0,0,0,3700,6.69999981,2,58,1800000
1,0,0,0,0,1000,8,2,65,1500000
1,0,0,0,0,3500,6.5,2,50,1190000
1,0,0,0,0,5600,1,2,65,1282500
1,0,0,0,0,1000,8,2,31,1150000
1,0,0,0,0,5100,10,2,75,1700000
1,0,0,0,0,3600,1,2,53,960000
1,0,0,0,0,2800,2.9000001,2,82,1050000
1,0,0,0,0,2900,7.5,2,110,2700000
1,0,0,0,0,900,1.79999995,2,35,1360000
1,0,0,0,0,2400,7.69999981,2,52,795000
1,0,0,0,0,3700,9.30000019,2,96,2550000
1,0,0,0,0,900,6.80000019,2,35,1360000
1,0,0,0,0,2500,2,2,35,675000
1,0,0,0,0,1000,5.5,2,110,2125000
1,0,0,0,0,4000,9,2,30,850000
1,0,0,0,0,300,3,2,28,569600
1,0,0,0,0,900,7.4000001,2,74,1800000
1,0,0,0,0,2800,2.4000001,2,55,750000
1,0,0,0,0,4200,8,2,100,480000
1,0,0,0,0,1800,8.69999981,2,90,1600000
1,0,0,0,0,500,3.5999999,2,45,950000
1,0,0,0,0,3800,6.30000019,2,45,1080000
1,0,0,0,0,10000,3.5999999,2,68,1080000
1,0,0,0,0,5900,9.80000019,2,50,1120000
1,0,0,0,0,3500,3.9000001,2,55,1100000
1,0,0,0,0,6500,7.19999981,2,72,1400000
1,0,0,0,0,3500,8,2,56,990000
1,0,0,0,0,2500,6.30000019,2,35,712500
1,0,0,0,0,1200,1,2,35,780000
1,0,0,0,0,1000,7.5999999,2,45,1500000
1,0,0,0,0,3500,4.19999981,2,54,1500000
1,0,0,0,0,1000,10,2,28,1800000
1,0,0,0,0,2600,8.30000019,2,33,696150
1,0,0,0,0,800,8.69999981,2,35,1170000
1,0,0,0,0,1800,1,2,82,1600000
1,0,0,0,0,600,2.5,2,25,650000
1,0,0,0,0,1000,8.69999981,2,120,3500000
1,0,0,0,0,3500,4,2,55,1800000
1,0,0,0,0,3200,7.69999981,2,120,2400000
1,0,0,0,0,3500,10,2,55,1260000
1,0,0,0,0,1000,6,2,30,830000
1,0,0,0,0,800,5.5,2,60,1377500
1,0,0,0,0,3500,4.30000019,2,72,1400000
1,0,0,0,0,3500,5.80000019,2,75,2400000
1,0,0,0,0,3500,4.19999981,2,50,3500000
1,0,0,0,0,1800,7,2,80,1600000
1,0,0,0,0,800,7.19999981,2,65,1411200
1,0,0,0,0,7800,5.30000019,2,60,900000
1,0,0,0,0,3500,1,2,54,950000
1,0,0,0,0,1500,7.4000001,2,29,997592
1,0,0,0,0,800,3.4000001,2,80,1590000
1,0,0,0,0,800,4,2,65,3100000
1,0,0,0,0,4900,8.80000019,2,80,1500000
1,0,0,0,0,3500,5.5,2,110,2800000
1,0,0,0,0,3500,2.70000005,2,60,1350000
1,0,0,0,0,800,10,2,60,2090000
1,0,0,0,0,1100,5.5999999,2,25,408000
1,0,0,0,0,1000,7.19999981,2,80,3430000
1,0,0,0,0,5600,7,2,71,1500000
1,0,0,0,0,5600,9.5,2,60,1150000
1,0,0,0,0,3200,10,2,80,1450000
1,0,0,0,0,3500,10,2,54,1400000
1,0,0,0,0,4400,4.80000019,2,25,900000
1,0,0,0,0,3500,4.5999999,2,50,3000000
1,0,0,0,0,2400,8.39999962,2,27,886455
1,0,0,0,0,3100,1.79999995,2,76,2200000
1,0,0,0,0,5700,7,2,62,1071000
1,0,0,0,0,3700,1.89999998,2,57,1300000
1,0,0,0,0,3700,4,2,55,1750000
1,0,0,0,0,1900,9.10000038,2,35,1000000
1,0,0,0,0,4500,8.69999981,2,30,789000
1,0,0,0,0,800,8.5,2,28,988000
1,0,0,0,0,1000,4.5,2,75,19000010
1,0,0,0,0,1000,6.4000001,2,26,1300000
1,0,0,0,0,3400,5.9000001,2,56,1500000
1,0,0,0,0,1800,6,2,120,3129600
1,0,0,0,0,1200,3,2,88,1550000
1,0,0,0,0,1800,3.29999995,2,92,1445000
1,0,0,0,0,5800,7,2,50,2940000
1,0,0,0,0,6100,8,2,70,1290000
1,0,0,0,0,1000,8.60000038,2,31,900000
1,0,0,0,0,2700,6.0999999,2,54,1400000
1,0,0,0,0,1000,7.5999999,2,30,1200000
1,0,0,0,0,3900,9,2,54,1300000
1,0,0,0,0,300,4.69999981,2,25,530332
1,0,0,0,0,1100,8.10000038,2,28,850000
1,0,0,0,0,3800,10,2,87,1239157
1,0,0,0,0,800,6.30000019,2,110,2500000
1,0,0,0,0,300,8.80000019,2,50,914850
1,0,0,0,0,900,7.80000019,2,30,1040000
1,0,0,0,0,3800,2.5,2,60,1700000
1,0,0,0,0,900,2.9000001,2,55,2115000
1,0,0,0,0,3500,4.5999999,2,60,1500000
1,0,0,0,0,4400,9.10000038,2,35,1000000
1,0,0,0,0,5600,10,2,95,2025000
1,0,0,0,0,800,9.39999962,2,70,1800000
1,0,0,0,0,1700,9.69999981,2,50,2385000
1,0,0,0,0,7700,7.0999999,2,26,600000
1,0,0,0,0,8500,6.5,2,256,3200000
1,0,0,0,0,300,7.69999981,2,50,1611900
1,0,0,0,0,5800,10,2,71,1500000
1,0,0,0,0,7800,10,2,68,1150000
1,0,0,0,0,800,9.60000038,2,88,2000000
1,0,0,0,0,1800,8.80000019,2,70,1300000
1,0,0,0,0,1000,3.5999999,2,75,1900000
1,0,0,0,0,2300,9,2,15,580000
1,0,0,0,0,3800,7.5,2,82,1700000
1,0,0,0,0,1800,10,2,55,1700000
1,0,0,0,0,4900,9.80000019,2,70,2880000
1,0,0,0,0,2800,6,2,70,1850000
1,0,0,0,0,1800,10,2,55,1690000
1,0,0,0,0,1000,3.70000005,2,45,1700000
1,0,0,0,0,6000,9.10000038,2,75,1290000
1,0,0,0,0,1500,9,2,30,720000
1,0,0,0,0,3600,7,2,72,1305600
1,0,0,0,0,3600,2.0999999,2,80,1440000
1,0,0,0,0,900,6.80000019,2,45,850000
1,0,0,0,0,1000,10,2,36,1260000
1,0,0,0,0,3500,9.69999981,2,111,2780000
1,0,0,0,0,1100,8.10000038,2,50,1100000
1,0,0,0,0,3200,2.5999999,2,78,1900000
1,0,0,0,0,600,3.70000005,2,70,522500
1,0,0,0,0,1000,9.30000019,2,35,900000
1,0,0,0,0,3700,8.5,2,55,1200000
1,0,0,0,0,1200,8.30000019,2,30,585000
1,0,0,0,0,300,4.5,2,30,792000
1,0,0,0,0,8900,3,2,80,576000
1,0,0,0,0,800,6.30000019,2,80,1900000
1,0,0,0,0,3300,1.89999998,2,56,1300000
1,0,0,0,0,5500,10,2,40,950000
1,0,0,0,0,900,3.70000005,2,55,1260000
1,0,0,0,0,5900,10,2,70,1390000
1,0,0,0,0,3700,5.30000019,2,45,1000000
1,0,0,0,0,3700,9.60000038,2,55,2700000
1,0,0,0,0,2800,3.9000001,2,88,2125000
1,0,0,0,0,1100,10,2,27,1009200
1,0,0,0,0,5500,9.5,2,71,1440000
1,0,0,0,0,4600,3.4000001,2,26,1000000
1,0,0,0,0,6000,9,2,100,1750000
1,0,0,0,0,3500,8.19999981,2,55,1500000
1,0,0,0,0,3700,9.19999981,2,55,2970000
1,0,0,0,0,1400,2.4000001,2,45,720000
1,0,0,0,0,800,8.69999981,2,58,1100000
1,0,0,0,0,2100,3.0999999,2,50,544000
1,0,0,0,0,3700,9.69999981,2,53,2800000
1,0,0,0,0,3700,9.69999981,2,53,2970000
1,0,0,0,0,5200,7.5,2,36,750000
1,0,0,0,0,3600,9.19999981,2,55,1364000
1,0,0,0,0,3500,5.80000019,2,109,3760000
1,0,0,0,0,3700,6.30000019,2,50,1190000
1,0,0,0,0,800,6.69999981,2,65,1100000
1,0,0,0,0,5900,7.5,2,95,1664000
1,0,0,0,0,3500,8.5,2,120,2610000
1,0,0,0,0,300,5.30000019,2,28,583920
1,0,0,0,0,900,5.5999999,2,55,900000
1,0,0,0,0,5000,7.30000019,2,77,1396500
1,0,0,0,0,1000,9.69999981,2,60,2100000
1,0,0,0,0,5500,8.5,2,72,1400000
1,0,0,0,0,1300,4.9000001,2,36,819000
1,0,0,0,0,7800,8.80000019,2,65,1000000
1,0,0,0,0,2600,8.30000019,2,50,675000
1,0,0,0,0,3500,9.39999962,2,78,2700000
1,0,0,0,0,3500,7.30000019,2,30,450000
1,0,0,0,0,5600,3.20000005,2,116,2990000
1,0,0,0,0,5900,2.0999999,2,45,1440000
1,0,0,0,0,3700,4.5,2,50,2100000
1,0,0,0,0,3500,2.9000001,2,78,3133100
1,0,0,0,0,3700,6.0999999,2,55,2304000
1,0,0,0,0,3700,1.79999995,2,59,1900000
1,0,0,0,0,1800,1,2,45,1900000
1,0,0,0,0,10500,5.4000001,2,60,442320
1,0,0,0,0,3500,6.69999981,2,79,1840000
1,0,0,0,0,6000,8.30000019,2,89,3000000
1,0,0,0,0,5900,2.5999999,2,71,1450000
1,0,0,0,0,1000,10,2,25,1100000
1,0,0,0,0,3300,4.19999981,2,56,1600000
1,0,0,0,0,3000,3.29999995,2,95,1600000
1,0,0,0,0,5200,10,2,36,882000
1,0,0,0,0,10000,4.9000001,2,70,1360000
1,0,0,0,0,6200,2.29999995,2,90,2240000
1,0,0,0,0,3700,8.69999981,2,55,2160000
1,0,0,0,0,1700,8.89999962,2,90,2500000
1,0,0,0,0,900,4.4000001,2,78,2200000
1,0,0,0,0,3400,5,2,65,1700000
1,0,0,0,0,5600,2.4000001,2,80,1551000
1,0,0,0,0,900,8.19999981,2,30,1120000
1,0,0,0,0,1000,6.69999981,2,35,1058670
1,0,0,0,0,1800,10,2,88,1522800
1,0,0,0,0,800,10,2,35,1080000
1,0,0,0,0,5000,8.80000019,2,25,831600
1,0,0,0,0,1000,4,2,34,1100000
1,0,0,0,0,1000,6,2,76,1633500
1,0,0,0,0,10100,5.9000001,2,127,2016000
1,0,0,0,0,800,4,2,55,1200000
1,0,0,0,0,14500,5.5,2,35,1700000
1,0,0,0,0,2800,8.60000038,2,20,747000
1,0,0,0,0,3800,7.30000019,2,65,1500000
1,0,0,0,0,1000,6.69999981,2,30,880000
1,0,0,0,0,900,3.5,2,35,1100000
1,0,0,0,0,5000,8.10000038,2,77,1375000
1,0,0,0,0,1800,3.70000005,2,120,2450000
1,0,0,0,0,1700,10,2,60,2000000
1,0,0,0,0,900,7.4000001,2,75,1280000
1,0,0,0,0,3200,4.80000019,2,38,890000
1,0,0,0,0,2400,9.5,2,25,520000
1,0,0,0,0,900,4.0999999,2,40,1680000
1,0,0,0,0,1000,7.4000001,2,35,1500000
1,0,0,0,0,3400,7.0999999,2,55,1352000
1,0,0,0,0,3500,2,2,59,1500000
1,0,0,0,0,7500,6.9000001,2,65,310000
1,0,0,0,0,900,3.79999995,2,40,1760000
1,0,0,0,0,1700,7.19999981,2,50,1600000
1,0,0,0,0,3700,9.60000038,2,55,2880000
1,0,0,0,0,5800,9,2,55,1599000
1,0,0,0,0,3300,8.30000019,2,38,900000
1,0,0,0,0,3700,2.70000005,2,70,2100000
1,0,0,0,0,3500,6.4000001,2,55,1176000
1,0,0,0,0,3700,6.5999999,2,70,1449000
1,0,0,0,0,2400,9.60000038,2,58,1650000
1,0,0,0,0,5500,5,2,91,1360000
1,0,0,0,0,800,3.5,2,110,2400000
1,0,0,0,0,450,5.0999999,2,70,3000000
1,0,0,0,0,3900,9,2,30,500000
1,0,0,0,0,2800,6.0999999,2,25,500000
1,0,0,0,0,800,7.5999999,2,45,1082160
1,0,0,0,0,4900,6.30000019,2,30,450000
1,0,0,0,0,10500,5.19999981,2,40,446400
1,0,0,0,0,400,2.20000005,2,64,792000
1,0,0,0,0,1200,1.89999998,2,30,950000
1,0,0,0,0,1000,5.5,2,80,2240000
1,0,0,0,0,3700,9,2,22,650000
1,0,0,0,0,1000,9.89999962,2,32,950000
1,0,0,0,0,1000,8,2,30,730000
1,0,0,0,0,3600,10,2,55,1741500
0,1,0,0,0,3900,8,1,50,1800000
0,1,0,0,0,6500,10,1,30,891000
0,1,0,0,0,9600,1.79999995,1,80,1800000
0,1,0,0,0,4000,4.69999981,1,55,2500000
0,1,0,0,0,7300,7.19999981,1,76,1520000
0,1,0,0,0,7400,7.0999999,1,67,1955000
0,1,0,0,0,6100,4.80000019,1,105,1600000
0,1,0,0,0,7400,4.80000019,1,103,2250000
0,1,0,0,0,4600,9,1,105,1900000
0,1,0,0,0,7700,10,1,26,900000
0,1,0,0,0,3100,7.4000001,1,80,2150000
0,1,0,0,0,7300,5.19999981,1,54,864000
0,1,0,0,0,4600,8,1,130,2115000
0,1,0,0,0,6400,8.89999962,1,45,900000
0,1,0,0,0,7300,7.4000001,1,75,2280000
0,1,0,0,0,7300,3.5,1,74,1231200
0,1,0,0,0,7300,5.30000019,1,70,1800000
0,1,0,0,0,3100,9,1,50,928000
0,1,0,0,0,3900,3,1,78,2600000
0,1,0,0,0,2500,9,1,33,1300000
0,1,0,0,0,4700,8.5,1,120,2450000
0,1,0,0,0,6400,7.19999981,1,62,1600000
0,1,0,0,0,6400,10,1,40,1099000
0,1,0,0,0,3900,8.89999962,1,50,1800000
0,1,0,0,0,5000,1.89999998,1,70,1700000
0,1,0,0,0,7300,8.69999981,1,74,1152000
0,1,0,0,0,7500,2.5,1,50,1519050
0,1,0,0,0,7600,9,1,66,1620000
0,1,0,0,0,6500,6.5,1,38,1100000
0,1,0,0,0,3400,1.79999995,1,98,1700000
0,1,0,0,0,6500,6.9000001,1,75,1500000
0,1,0,0,0,7400,9,1,55,1539000
0,1,0,0,0,6400,3.0999999,1,38,1100000
0,1,0,0,0,4100,9.5,1,56,1080000
0,1,0,0,0,7300,1,1,70,1700000
0,1,0,0,0,10800,3,1,60,765000
0,1,0,0,0,2100,6.9000001,1,25,1200000
0,1,0,0,0,7400,5,1,97,2600000
0,1,0,0,0,10100,4,1,45,680000
0,1,0,0,0,7600,9.69999981,1,80,1700000
0,1,0,0,0,3900,3.0999999,1,80,2000000
0,1,0,0,0,3900,5.30000019,1,70,2000000
0,1,0,0,0,9500,10,1,43,650000
0,1,0,0,0,7700,4.5999999,1,28,800000
0,1,0,0,0,7300,9.19999981,1,72,1458000
0,1,0,0,0,300,2.5999999,1,108,2250000
0,1,0,0,0,3100,1.79999995,1,80,1500000
0,1,0,0,0,10300,5.0999999,1,50,680000
0,1,0,0,0,6500,8.69999981,1,35,1200000
0,1,0,0,0,1500,8,1,55,671760
0,1,0,0,0,4800,1.89999998,1,100,2250000
0,1,0,0,0,6300,6.69999981,1,40,1500000
0,1,0,0,0,4800,8.30000019,1,35,1400000
0,1,0,0,0,7400,3.29999995,1,50,1425000
0,1,0,0,0,6400,8.80000019,1,35,972000
0,1,0,0,0,12200,2,1,32,720000
0,1,0,0,0,3200,2.29999995,1,58,1200000
0,1,0,0,0,1100,9.60000038,1,130,2200000
0,1,0,0,0,5200,4.5,1,50,1225000
0,1,0,0,0,4600,9.60000038,1,50,900000
0,1,0,0,0,7500,4.5999999,1,26,765000
0,1,0,0,0,5700,10,1,90,1365000
0,1,0,0,0,6600,7.69999981,1,40,1200000
0,1,0,0,0,5500,4.30000019,1,45,612000
0,1,0,0,0,7700,1.89999998,1,35,1100000
0,1,0,0,0,12000,7,1,50,1100000
0,1,0,0,0,4200,10,1,53,760500
0,1,0,0,0,10800,2.70000005,1,43,686000
0,1,0,0,0,7600,4.9000001,1,28,800000
0,1,0,0,0,7400,9.30000019,1,110,2375000
0,1,0,0,0,8600,9,1,110,1899050
0,1,0,0,0,7400,3.5999999,1,50,1600000
0,1,0,0,0,1300,10,1,60,1944000
0,1,0,0,0,10200,4.9000001,1,46,849000
0,1,0,0,0,4000,9.80000019,1,53,1300000
0,1,0,0,0,4600,4.30000019,1,30,405000
0,1,0,0,0,9700,7.9000001,1,60,800000
0,1,0,0,0,2200,9,1,98,1146600
0,1,0,0,0,4400,1.79999995,1,55,855000
0,1,0,0,0,9900,10,1,55,640000
0,1,0,0,0,5200,4.5999999,1,45,1080000
0,1,0,0,0,7700,5.80000019,1,30,1000000
0,1,0,0,0,9900,3.70000005,1,51,731500
0,1,0,0,0,7700,10,1,26,800000
0,1,0,0,0,4500,2.4000001,1,240,1750000
0,1,0,0,0,7400,10,1,72,1300000
0,1,0,0,0,34000,8.69999981,1,200,2099300
0,1,0,0,0,7700,2.9000001,1,28,850000
0,1,0,0,0,4800,6,1,40,1500000
0,1,0,0,0,9500,8,1,85,1757500
0,1,0,0,0,6400,4.5999999,1,40,1000000
0,1,0,0,0,3800,6.5999999,1,45,903000
0,1,0,0,0,7700,8.5,1,30,700000
0,1,0,0,0,5000,2.29999995,1,60,1614050
0,1,0,0,0,900,7.5999999,1,120,1120000
0,1,0,0,0,1800,10,1,65,839700
0,1,0,0,0,12200,1,1,30,760000
0,1,0,0,0,1800,10,1,125,1680000
0,1,0,0,0,7600,9,1,36,684000
0,1,0,0,0,7800,5,1,28,810000
0,1,0,0,0,2400,6.5,1,33,807500
0,1,0,0,0,4700,6.69999981,1,80,680000
0,1,0,0,0,800,6,1,35,635040
0,1,0,0,0,1900,2.29999995,1,90,1080000
0,1,0,0,0,4900,7.30000019,1,106,1440000
0,1,0,0,0,4400,5.69999981,1,50,820000
0,1,0,0,0,3900,3.5,1,75,2700000
0,1,0,0,0,12100,6.4000001,1,30,800000
0,1,0,0,0,5300,3.70000005,1,50,682500
0,1,0,0,0,9400,1.89999998,1,50,850000
0,1,0,0,0,10000,5.69999981,1,74,945000
0,1,0,0,0,6500,6.69999981,1,35,1120000
0,1,0,0,0,6000,9,1,330,1950000
0,1,0,0,0,4800,7,1,106,1673989
0,1,0,0,0,7500,9.19999981,1,28,880000
0,1,0,0,0,7400,10,1,70,1871500
0,1,0,0,0,7500,7.5999999,1,35,450000
0,1,0,0,0,7800,9.5,1,30,700000
0,1,0,0,0,1800,2.5,1,65,839700
0,1,0,0,0,5400,7.0999999,1,50,700000
0,1,0,0,0,3100,7.5999999,1,120,2800000
0,1,0,0,0,7400,8.10000038,1,95,2500000
0,1,0,0,0,6400,10,1,40,1000000
0,1,0,0,0,46600,8.5,1,140,8500000
0,1,0,0,0,3900,10,1,55,1804050
0,1,0,0,0,7700,1,1,30,720000
0,1,0,0,0,11800,7.80000019,1,63,720000
0,1,0,0,0,6400,7.19999981,1,40,1000000
0,1,0,0,0,7800,9,1,30,688750
0,1,0,0,0,450,6,1,30,684000
0,1,0,0,0,1400,5.30000019,1,65,855000
0,1,0,0,0,1600,9,1,55,900000
0,1,0,0,0,7700,9,1,30,648000
0,1,0,0,0,10300,9.69999981,1,43,585000
0,1,0,0,0,1000,10,1,70,1250000
0,1,0,0,0,1700,8,1,40,729000
0,1,0,0,0,2300,8.89999962,1,30,600000
0,1,0,0,0,6500,1.79999995,1,50,1700000
0,1,0,0,0,5300,10,1,40,332120
0,1,0,0,0,7900,6.5999999,1,35,807500
0,1,0,0,0,7700,7.5999999,1,65,1700000
0,1,0,0,0,29000,8,1,170,6240000
0,1,0,0,0,3900,2.9000001,1,55,2200000
0,1,0,0,0,4700,9,1,60,1000000
0,1,0,0,0,2600,10,1,40,540000
0,1,0,0,0,450,2,1,92,1700000
0,1,0,0,0,46900,2.9000001,1,100,4550000
0,1,0,0,0,800,8.19999981,1,120,2240280
0,1,0,0,0,6300,5,1,46,900000
0,1,0,0,0,4400,7.69999981,1,53,640000
0,1,0,0,0,7600,6,1,45,1900000
0,1,0,0,0,7700,2.5,1,30,648000
0,1,0,0,0,3500,7,1,70,921600
0,1,0,0,0,4000,2,1,50,1050000
0,1,0,0,0,4400,6.5,1,20,360000
0,1,0,0,0,6600,7.4000001,1,50,1520000
0,1,0,0,0,4500,5.4000001,1,80,720000
0,1,0,0,0,3000,9,1,80,1980000
0,1,0,0,0,6400,10,1,38,1092500
0,1,0,0,0,3200,3.0999999,1,53,980000
0,1,0,0,0,1400,5.5,1,45,960000
0,1,0,0,0,4800,10,1,55,1539000
0,1,0,0,0,600,10,1,200,2596800
0,1,0,0,0,2500,9,1,40,560000
0,1,0,0,0,6400,9.19999981,1,50,1519050
0,1,0,0,0,10300,4.9000001,1,48,617500
0,1,0,0,0,2400,9.69999981,1,35,630000
0,1,0,0,0,4400,7.69999981,1,40,809100
0,1,0,0,0,4100,8.69999981,1,65,759000
0,1,0,0,0,7700,7.30000019,1,96,1100000
0,1,0,0,0,38000,3.20000005,1,20,4000000
0,1,0,0,0,5400,7.69999981,1,80,800000
0,1,0,0,0,2800,9.5,1,30,570000
0,1,0,0,0,3900,5.80000019,1,80,1583280
0,1,0,0,0,2600,6,1,20,600000
0,1,0,0,0,900,7,1,180,1120000
0,1,0,0,0,30400,4.69999981,1,40,1275000
0,1,0,0,0,7400,8.5,1,55,1410000
0,1,0,0,0,5000,3.70000005,1,35,800000
0,1,0,0,0,4500,9,1,60,873000
0,1,0,0,0,600,10,1,40,585000
0,1,0,0,0,2200,7.5,1,40,414000
0,1,0,0,0,3800,6.9000001,1,50,1000000
0,1,0,0,0,12300,8.19999981,1,32,630000
0,1,0,0,0,7500,3.79999995,1,50,720000
0,1,0,0,0,4000,9,1,50,1392435
0,1,0,0,0,4000,4.19999981,1,35,855000
0,1,0,0,0,4200,9,1,25,441600
0,1,0,0,0,43400,5.0999999,1,80,822250
0,1,0,0,0,1000,9.10000038,1,60,800000
0,1,0,0,0,7700,9,1,30,495000
0,1,0,0,0,6800,6.69999981,1,35,855000
0,1,0,0,0,12300,7.30000019,1,32,604500
0,1,0,0,0,44600,7.5,1,25,4500000
0,1,0,0,0,800,8.39999962,1,35,466200
0,1,0,0,0,7300,7.9000001,1,75,1650000
0,1,0,0,0,600,3.9000001,1,57,1710000
0,1,0,0,0,4600,9.19999981,1,20,460000
0,1,0,0,0,4900,2.9000001,1,60,640000
0,1,0,0,0,10900,8.60000038,1,48,900000
0,1,0,0,0,8600,6.30000019,1,90,1395000
0,1,0,0,0,600,5.80000019,1,28,708700
0,1,0,0,0,6400,2.5999999,1,75,1296000
0,1,0,0,0,3900,10,1,75,1440000
0,1,0,0,0,4900,8.80000019,1,43,585000
0,1,0,0,0,3800,8.69999981,1,55,1990000
0,1,0,0,0,4500,5.9000001,1,45,480000
0,1,0,0,0,3400,8,1,28,374718
0,1,0,0,0,4900,6.0999999,1,88,1504000
0,1,0,0,0,7400,5,1,68,1120000
0,1,0,0,0,4900,4.19999981,1,60,640000
0,1,0,0,0,4300,5.80000019,1,35,784000
0,1,0,0,0,4900,3.70000005,1,100,800000
0,1,0,0,0,900,4.9000001,1,75,790400
0,1,0,0,0,5100,7.5999999,1,30,346500
0,1,0,0,0,6500,9.5,1,50,1142964
0,1,0,0,0,800,10,1,35,1300000
0,1,0,0,0,4700,8.5,1,60,850000
0,1,0,0,0,6800,9.10000038,1,65,450000
0,1,0,0,0,4500,2.5,1,40,728000
0,1,0,0,0,7100,8.60000038,1,40,1200000
0,1,0,0,0,600,8,1,20,900000
0,1,0,0,0,4900,9.10000038,1,40,576000
0,1,0,0,0,10800,6.4000001,1,39,500000
0,1,0,0,0,7500,10,1,50,1567500
0,1,0,0,0,4900,4.9000001,1,50,540000
0,1,0,0,0,3900,7.80000019,1,75,1530000
0,1,0,0,0,4700,9,2,115,2200000
0,1,0,0,0,7700,10,2,26,900000
0,1,0,0,0,7400,8,2,67,1955000
0,1,0,0,0,7400,3.5999999,2,103,2250000
0,1,0,0,0,4700,8.5,2,120,2450000
0,1,0,0,0,7500,5.19999981,2,80,1900000
0,1,0,0,0,4000,8.19999981,2,55,2500000
0,1,0,0,0,7800,9,2,30,1134000
0,1,0,0,0,4600,6.4000001,2,80,1579500
0,1,0,0,0,6500,7.0999999,2,35,1200000
0,1,0,0,0,7300,6.30000019,2,54,960000
0,1,0,0,0,3100,4.9000001,2,50,1044000
0,1,0,0,0,10800,3,2,60,765000
0,1,0,0,0,6100,3.4000001,2,105,1700000
0,1,0,0,0,2500,6,2,33,1300000
0,1,0,0,0,4600,9,2,105,1900000
0,1,0,0,0,3800,7,2,55,1162800
0,1,0,0,0,6500,10,2,30,891000
0,1,0,0,0,3900,7.9000001,2,78,2600000
0,1,0,0,0,3900,8,2,50,1800000
0,1,0,0,0,7500,7.4000001,2,50,1519050
0,1,0,0,0,8400,9,2,88,2375000
0,1,0,0,0,3900,8.60000038,2,50,1800000
0,1,0,0,0,10100,4,2,45,680000
0,1,0,0,0,7600,9,2,66,1800000
0,1,0,0,0,7300,1.79999995,2,76,1520000
0,1,0,0,0,7300,4,2,75,2303750
0,1,0,0,0,3900,10,2,55,1709050
0,1,0,0,0,4600,8.5,2,130,2115000
0,1,0,0,0,6300,4.30000019,2,40,1500000
0,1,0,0,0,6400,6,2,95,1950000
0,1,0,0,0,10200,9.30000019,2,74,959200
0,1,0,0,0,7300,6.9000001,2,74,1224000
0,1,0,0,0,2200,9,2,98,1274000
0,1,0,0,0,2100,6.80000019,2,25,1200000
0,1,0,0,0,9700,7.4000001,2,60,800000
0,1,0,0,0,7700,4.5,2,35,950000
0,1,0,0,0,4100,9.5,2,56,1080000
0,1,0,0,0,4600,7.0999999,2,30,450000
0,1,0,0,0,7400,7.4000001,2,50,1600000
0,1,0,0,0,9600,4.5999999,2,80,1800000
0,1,0,0,0,6400,4.9000001,2,35,920000
0,1,0,0,0,300,2.29999995,2,108,2250000
0,1,0,0,0,7500,1.79999995,2,26,765000
0,1,0,0,0,7600,5.5999999,2,28,800000
0,1,0,0,0,6400,10,2,85,1352000
0,1,0,0,0,1300,10,2,60,1944000
0,1,0,0,0,3100,8.5,2,80,2150000
0,1,0,0,0,5500,6.4000001,2,45,680000
0,1,0,0,0,7300,6.69999981,2,70,1800000
0,1,0,0,0,6400,8.60000038,2,38,1100000
0,1,0,0,0,4400,2.29999995,2,55,950000
0,1,0,0,0,9500,10,2,43,650000
0,1,0,0,0,6400,1.89999998,2,35,1080000
0,1,0,0,0,7400,8.5,2,50,1600000
0,1,0,0,0,7400,5,2,97,2600000
0,1,0,0,0,4600,9.60000038,2,50,1000000
0,1,0,0,0,3200,6.19999981,2,58,1200000
0,1,0,0,0,10800,7.0999999,2,43,686000
0,1,0,0,0,7700,2.79999995,2,28,800000
0,1,0,0,0,7100,7.4000001,2,40,1200000
0,1,0,0,0,4200,7.80000019,2,50,1300000
0,1,0,0,0,5000,4.5,2,70,1700000
0,1,0,0,0,6500,4,2,35,1200000
0,1,0,0,0,46900,7.5,2,15,1200000
0,1,0,0,0,4800,3.20000005,2,35,1400000
0,1,0,0,0,3900,3,2,80,2000000
0,1,0,0,0,4500,4.80000019,2,240,1750000
0,1,0,0,0,6400,9,2,72,1650000
0,1,0,0,0,3900,4.80000019,2,70,2125000
0,1,0,0,0,10000,2.0999999,2,36,550000
0,1,0,0,0,3100,4,2,80,1500000
0,1,0,0,0,12000,7,2,50,1100000
0,1,0,0,0,7400,2.4000001,2,50,1500000
0,1,0,0,0,7700,3.9000001,2,28,850000
0,1,0,0,0,9900,5.5,2,51,731500
0,1,0,0,0,7800,1.79999995,2,28,900000
0,1,0,0,0,4800,7.5,2,38,500000
0,1,0,0,0,5200,9.19999981,2,50,1225000
0,1,0,0,0,5000,6.5999999,2,60,1614050
0,1,0,0,0,800,6,2,35,648000
0,1,0,0,0,7700,8.5,2,35,1100000
0,1,0,0,0,7700,8.5,2,30,700000
0,1,0,0,0,1800,10,2,65,933000
0,1,0,0,0,5200,8.60000038,2,45,1215000
0,1,0,0,0,7700,2.20000005,2,30,1000000
0,1,0,0,0,2500,9,2,40,560000
0,1,0,0,0,7500,4.4000001,2,35,500000
0,1,0,0,0,2400,6.5,2,33,807500
0,1,0,0,0,6600,3.70000005,2,35,1200000
0,1,0,0,0,7600,9,2,36,760000
0,1,0,0,0,4500,8,2,136,2511000
0,1,0,0,0,4900,7.30000019,2,106,1440000
0,1,0,0,0,10100,1.89999998,2,35,1000000
0,1,0,0,0,4800,6,2,40,1500000
0,1,0,0,0,5700,10,2,90,1365000
0,1,0,0,0,9500,8,2,85,1757500
0,1,0,0,0,5400,8.69999981,2,50,700000
0,1,0,0,0,6600,10,2,79,1399999
0,1,0,0,0,4400,5.19999981,2,50,820000
0,1,0,0,0,10000,3.4000001,2,74,955500
0,1,0,0,0,5300,10,2,40,349600
0,1,0,0,0,900,8.80000019,2,168,2310000
0,1,0,0,0,1900,6.5999999,2,90,1200000
0,1,0,0,0,4700,2.9000001,2,56,1567500
0,1,0,0,0,7400,9.30000019,2,110,2375000
0,1,0,0,0,10200,7.30000019,2,46,849000
0,1,0,0,0,1700,8,2,40,810000
0,1,0,0,0,1800,8.89999962,2,65,933000
0,1,0,0,0,7400,10,2,72,1300000
0,1,0,0,0,600,10,2,40,650000
0,1,0,0,0,3800,7.19999981,2,45,903000
0,1,0,0,0,10800,6.0999999,2,35,600000
0,1,0,0,0,7800,9.5,2,30,700000
0,1,0,0,0,1000,10,2,70,1250000
0,1,0,0,0,450,6,2,30,760000
0,1,0,0,0,7700,9,2,30,720000
0,1,0,0,0,5300,7.4000001,2,50,682500
0,1,0,0,0,7600,8.69999981,2,60,1485000
0,1,0,0,0,7700,1,2,30,800000
0,1,0,0,0,7700,10,2,30,800000
0,1,0,0,0,10300,9.69999981,2,43,617500
0,1,0,0,0,11800,5.5999999,2,63,720000
0,1,0,0,0,1100,9.60000038,2,130,2200000
0,1,0,0,0,6000,9,2,330,3000000
0,1,0,0,0,4400,6.5,2,20,400000
0,1,0,0,0,3900,10,2,50,2000000
0,1,0,0,0,7900,6.5999999,2,35,807500
0,1,0,0,0,34000,7.80000019,2,200,2099300
0,1,0,0,0,1800,10,2,125,1680000
0,1,0,0,0,7800,9,2,30,688750
0,1,0,0,0,6400,4.30000019,2,40,1000000
0,1,0,0,0,2600,10,2,40,600000
0,1,0,0,0,450,4,2,92,1870000
0,1,0,0,0,6500,7,2,35,1120000
0,1,0,0,0,3900,7.4000001,2,80,2380000
0,1,0,0,0,7700,2.5,2,30,684000
0,1,0,0,0,3900,10,2,55,1804050
0,1,0,0,0,4400,4.19999981,2,53,720000
0,1,0,0,0,3000,6.30000019,2,80,2500000
0,1,0,0,0,3300,9,2,40,956250
0,1,0,0,0,4500,3.5999999,2,80,765000
0,1,0,0,0,6500,6.5,2,50,1700000
0,1,0,0,0,1400,8.30000019,2,65,855000
0,1,0,0,0,7400,10,2,70,1871500
0,1,0,0,0,7400,8.69999981,2,95,2500000
0,1,0,0,0,1100,8.5,2,30,1300000
0,1,0,0,0,7700,7.5,2,65,1700000
0,1,0,0,0,4100,8.69999981,2,65,759000
0,1,0,0,0,6300,5,2,46,900000
0,1,0,0,0,3100,5.19999981,2,120,2800000
0,1,0,0,0,4000,7.69999981,2,35,900000
0,1,0,0,0,7600,4.69999981,2,45,1900000
0,1,0,0,0,46900,4.69999981,2,100,4550000
0,1,0,0,0,3500,6.5,2,70,1036800
0,1,0,0,0,29000,8,2,170,6240000
0,1,0,0,0,3900,2,2,55,2200000
0,1,0,0,0,4700,9,2,60,1000000
0,1,0,0,0,4900,10,2,88,1800000
0,1,0,0,0,6600,7.4000001,2,50,1520000
0,1,0,0,0,1000,3.79999995,2,60,850000
0,1,0,0,0,4000,1.89999998,2,50,1050000
0,1,0,0,0,2600,6,2,20,600000
0,1,0,0,0,4400,7.69999981,2,40,809100
0,1,0,0,0,6500,8.69999981,2,70,980000
0,1,0,0,0,2200,7.5,2,40,460000
0,1,0,0,0,30400,7.69999981,2,40,1500000
0,1,0,0,0,3200,3.5999999,2,53,980000
0,1,0,0,0,900,7,2,180,1120000
0,1,0,0,0,2400,9.69999981,2,35,630000
0,1,0,0,0,3000,9,2,80,1980000
0,1,0,0,0,5000,4.30000019,2,35,850000
0,1,0,0,0,2800,9.5,2,30,570000
0,1,0,0,0,6400,9.19999981,2,50,1519050
0,1,0,0,0,800,6,2,35,518000
0,1,0,0,0,38000,6.80000019,2,20,4000000
0,1,0,0,0,7700,7.30000019,2,96,1100000
0,1,0,0,0,1200,9.80000019,2,65,950000
0,1,0,0,0,12300,1.79999995,2,32,700000
0,1,0,0,0,1100,9,2,80,1200000
0,1,0,0,0,12300,7.5999999,2,32,650000
0,1,0,0,0,3800,4.5999999,2,50,1000000
0,1,0,0,0,7400,6.19999981,2,55,1410000
0,1,0,0,0,4200,9,2,25,456000
0,1,0,0,0,7500,4.19999981,2,50,765000
0,1,0,0,0,250,8.5,2,40,680000
0,1,0,0,0,6400,10,2,40,850000
0,1,0,0,0,7700,9,2,30,550000
0,1,0,0,0,6800,6.69999981,2,35,855000
0,1,0,0,0,3400,7.9000001,2,28,394440
0,1,0,0,0,600,3.5,2,28,746000
0,1,0,0,0,4500,9,2,60,873000
0,1,0,0,0,3000,9.5,2,48,1170000
0,1,0,0,0,1000,2.70000005,2,128,1750000
0,1,0,0,0,600,10,2,200,2596800
0,1,0,0,0,3900,10,2,75,1530000
0,1,0,0,0,10900,8.80000019,2,48,900000
0,1,0,0,0,4500,6.4000001,2,136,2166000
0,1,0,0,0,3800,8.69999981,2,55,1990000
0,1,0,0,0,4900,8.80000019,2,43,650000
0,1,0,0,0,7400,6.5,2,50,1800000
0,1,0,0,0,44600,6.30000019,2,25,4500000
0,1,0,0,0,6800,2.79999995,2,65,480000
0,1,0,0,0,4900,4.19999981,2,60,680000
0,1,0,0,0,4900,2,2,40,640000
0,1,0,0,0,600,5.30000019,2,57,1800000
0,1,0,0,0,4900,8.5,2,60,680000
0,1,0,0,0,900,6.30000019,2,75,790400
0,1,0,0,0,4900,5.0999999,2,100,850000
0,1,0,0,0,4900,4.9000001,2,88,1504000
0,1,0,0,0,600,8,2,20,900000
0,1,0,0,0,4700,6.0999999,2,60,850000
0,1,0,0,0,5100,9.19999981,2,30,346500
0,1,0,0,0,6500,9.5,2,50,1269960
0,1,0,0,0,7400,6.30000019,2,53,1500000
0,1,0,0,0,4500,8.69999981,2,45,480000
0,1,0,0,0,12200,7.9000001,2,32,800000
0,1,0,0,0,6500,6.4000001,2,50,1680000
0,1,0,0,0,4500,4.30000019,2,40,728000
0,1,0,0,0,900,8.60000038,2,120,1120000
0,1,0,0,0,4900,5.19999981,2,60,595000
0,1,0,0,0,800,10,2,35,1300000
0,1,0,0,0,6400,4.4000001,2,75,1296000
0,1,0,0,0,7300,8.60000038,2,75,1650000
0,1,0,0,0,7400,6.5999999,2,68,1120000
0,1,0,0,0,10800,4.9000001,2,39,500000
0,1,0,0,0,3400,3.70000005,2,98,1870000
0,1,0,0,0,4300,2.20000005,2,35,784000
0,1,0,0,0,7500,10,2,50,1567500
0,1,0,0,0,3900,7.80000019,2,75,1530000
